tax_id,parent_id,rank,tax_name,root,rank_0,rank_1,rank_2,rank_3
Root,Root,root,Root,Root,,,,
Bona_Fide,Root,rank_0,Bona_Fide,Root,Bona_Fide,,,
II,Bona_Fide,rank_1,II,Root,Bona_Fide,II,,
II_graftm_1,II,rank_2,II_graftm_1,Root,Bona_Fide,II,II_graftm_1,
Mariprofundus_sp._EBB-1,II_graftm_1,rank_3,Mariprofundus_sp._EBB-1,Root,Bona_Fide,II,II_graftm_1,Mariprofundus_sp._EBB-1
III,Bona_Fide,rank_1,III,Root,Bona_Fide,III,,
A,III,rank_2,A,Root,Bona_Fide,III,A,
Methanofollis_tationis,A,rank_3,Methanofollis_tationis,Root,Bona_Fide,III,A,Methanofollis_tationis
RLP,Root,rank_0,RLP,Root,RLP,,,
IV,RLP,rank_1,IV,Root,RLP,IV,,
NonPhoto,IV,rank_2,NonPhoto,Root,RLP,IV,NonPhoto,
Sphingomonas_hengshuiensis,NonPhoto,rank_3,Sphingomonas_hengshuiensis,Root,RLP,IV,NonPhoto,Sphingomonas_hengshuiensis
YkrW,IV,rank_2,YkrW,Root,RLP,IV,YkrW,
Paenibacillus_oenotherae,YkrW,rank_3,Paenibacillus_oenotherae,Root,RLP,IV,YkrW,Paenibacillus_oenotherae
Azospirillum_picis,NonPhoto,rank_3,Azospirillum_picis,Root,RLP,IV,NonPhoto,Azospirillum_picis
Aful,IV,rank_2,Aful,Root,RLP,IV,Aful,
Cryosericum_septentrionale,Aful,rank_3,Cryosericum_septentrionale,Root,RLP,IV,Aful,Cryosericum_septentrionale
Bariatricus_massiliensis,Aful,rank_3,Bariatricus_massiliensis,Root,RLP,IV,Aful,Bariatricus_massiliensis
Paracoccus_sediminilitoris,NonPhoto,rank_3,Paracoccus_sediminilitoris,Root,RLP,IV,NonPhoto,Paracoccus_sediminilitoris
Bacillus_badius,YkrW,rank_3,Bacillus_badius,Root,RLP,IV,YkrW,Bacillus_badius
Paenibacillus_ihumii,YkrW,rank_3,Paenibacillus_ihumii,Root,RLP,IV,YkrW,Paenibacillus_ihumii
Sphingobacterium_alkalisoli,NonPhoto,rank_3,Sphingobacterium_alkalisoli,Root,RLP,IV,NonPhoto,Sphingobacterium_alkalisoli
Azospirillum_oleiclasticum,NonPhoto,rank_3,Azospirillum_oleiclasticum,Root,RLP,IV,NonPhoto,Azospirillum_oleiclasticum
Methanomicrobium_mobile,A,rank_3,Methanomicrobium_mobile,Root,Bona_Fide,III,A,Methanomicrobium_mobile
Lysinibacillus_contaminans,YkrW,rank_3,Lysinibacillus_contaminans,Root,RLP,IV,YkrW,Lysinibacillus_contaminans
Mucilaginibacter_mali,NonPhoto,rank_3,Mucilaginibacter_mali,Root,RLP,IV,NonPhoto,Mucilaginibacter_mali
Bacillus_sp._FJAT-27245,YkrW,rank_3,Bacillus_sp._FJAT-27245,Root,RLP,IV,YkrW,Bacillus_sp._FJAT-27245
Methanogenium_cariaci,A,rank_3,Methanogenium_cariaci,Root,Bona_Fide,III,A,Methanogenium_cariaci
B,III,rank_2,B,Root,Bona_Fide,III,B,
Halodesulfurarchaeum_formicicum,B,rank_3,Halodesulfurarchaeum_formicicum,Root,Bona_Fide,III,B,Halodesulfurarchaeum_formicicum
Rhizobium_miluonense,NonPhoto,rank_3,Rhizobium_miluonense,Root,RLP,IV,NonPhoto,Rhizobium_miluonense
Pelagibacterium_montanilacus,NonPhoto,rank_3,Pelagibacterium_montanilacus,Root,RLP,IV,NonPhoto,Pelagibacterium_montanilacus
Ensifer_aridi,NonPhoto,rank_3,Ensifer_aridi,Root,RLP,IV,NonPhoto,Ensifer_aridi
Posidoniimonas_corsicana,NonPhoto,rank_3,Posidoniimonas_corsicana,Root,RLP,IV,NonPhoto,Posidoniimonas_corsicana
Opitutus_sp._ER46,NonPhoto,rank_3,Opitutus_sp._ER46,Root,RLP,IV,NonPhoto,Opitutus_sp._ER46
Cohaesibacter_haloalkalitolerans,NonPhoto,rank_3,Cohaesibacter_haloalkalitolerans,Root,RLP,IV,NonPhoto,Cohaesibacter_haloalkalitolerans
Jiella_endophytica,NonPhoto,rank_3,Jiella_endophytica,Root,RLP,IV,NonPhoto,Jiella_endophytica
Acidithiobacillus_thiooxidans,YkrW,rank_3,Acidithiobacillus_thiooxidans,Root,RLP,IV,YkrW,Acidithiobacillus_thiooxidans
Paenibacillus_sp._IB182496,YkrW,rank_3,Paenibacillus_sp._IB182496,Root,RLP,IV,YkrW,Paenibacillus_sp._IB182496
Bacillus_sp._RD4P76,YkrW,rank_3,Bacillus_sp._RD4P76,Root,RLP,IV,YkrW,Bacillus_sp._RD4P76
Bradyrhizobium_liaoningense,NonPhoto,rank_3,Bradyrhizobium_liaoningense,Root,RLP,IV,NonPhoto,Bradyrhizobium_liaoningense
Flavimaricola_marinus,NonPhoto,rank_3,Flavimaricola_marinus,Root,RLP,IV,NonPhoto,Flavimaricola_marinus
Paenibacillus_donghaensis,YkrW,rank_3,Paenibacillus_donghaensis,Root,RLP,IV,YkrW,Paenibacillus_donghaensis
Methanolacinia_petrolearia,A,rank_3,Methanolacinia_petrolearia,Root,Bona_Fide,III,A,Methanolacinia_petrolearia
Rhabdobacter_roseus,NonPhoto,rank_3,Rhabdobacter_roseus,Root,RLP,IV,NonPhoto,Rhabdobacter_roseus
Methanodesulfokores_washburnensis,B,rank_3,Methanodesulfokores_washburnensis,Root,Bona_Fide,III,B,Methanodesulfokores_washburnensis
Enemella_evansiae,NonPhoto,rank_3,Enemella_evansiae,Root,RLP,IV,NonPhoto,Enemella_evansiae
Falsibacillus_pallidus,YkrW,rank_3,Falsibacillus_pallidus,Root,RLP,IV,YkrW,Falsibacillus_pallidus
Cypionkella_psychrotolerans,NonPhoto,rank_3,Cypionkella_psychrotolerans,Root,RLP,IV,NonPhoto,Cypionkella_psychrotolerans
Acuticoccus_sp._M5D2P5,NonPhoto,rank_3,Acuticoccus_sp._M5D2P5,Root,RLP,IV,NonPhoto,Acuticoccus_sp._M5D2P5
Methylacidimicrobium_tartarophylax,II_graftm_1,rank_3,Methylacidimicrobium_tartarophylax,Root,Bona_Fide,II,II_graftm_1,Methylacidimicrobium_tartarophylax
Bosea_sp._BK604,NonPhoto,rank_3,Bosea_sp._BK604,Root,RLP,IV,NonPhoto,Bosea_sp._BK604
Tropicibacter_sp._LMIT003,NonPhoto,rank_3,Tropicibacter_sp._LMIT003,Root,RLP,IV,NonPhoto,Tropicibacter_sp._LMIT003
Hypericibacter_adhaerens,NonPhoto,rank_3,Hypericibacter_adhaerens,Root,RLP,IV,NonPhoto,Hypericibacter_adhaerens
Cytobacillus_gottheilii,YkrW,rank_3,Cytobacillus_gottheilii,Root,RLP,IV,YkrW,Cytobacillus_gottheilii
Mesobacillus_harenae,YkrW,rank_3,Mesobacillus_harenae,Root,RLP,IV,YkrW,Mesobacillus_harenae
Bacillus_methanolicus,YkrW,rank_3,Bacillus_methanolicus,Root,RLP,IV,YkrW,Bacillus_methanolicus
Desulfotomaculum_putei,II_graftm_1,rank_3,Desulfotomaculum_putei,Root,Bona_Fide,II,II_graftm_1,Desulfotomaculum_putei
Halanaeroarchaeum_sulfurireducens,B,rank_3,Halanaeroarchaeum_sulfurireducens,Root,Bona_Fide,III,B,Halanaeroarchaeum_sulfurireducens
Halobellus_limi,B,rank_3,Halobellus_limi,Root,Bona_Fide,III,B,Halobellus_limi
Thiohalomonas_denitrificans,II_graftm_1,rank_3,Thiohalomonas_denitrificans,Root,Bona_Fide,II,II_graftm_1,Thiohalomonas_denitrificans
DeepYkr,IV,rank_2,DeepYkr,Root,RLP,IV,DeepYkr,
Sporotomaculum_syntrophicum,DeepYkr,rank_3,Sporotomaculum_syntrophicum,Root,RLP,IV,DeepYkr,Sporotomaculum_syntrophicum
Photo,IV,rank_2,Photo,Root,RLP,IV,Photo,
Thiospirillum_jenense,Photo,rank_3,Thiospirillum_jenense,Root,RLP,IV,Photo,Thiospirillum_jenense
Thioclava_sp._SK-1,NonPhoto,rank_3,Thioclava_sp._SK-1,Root,RLP,IV,NonPhoto,Thioclava_sp._SK-1
Bacillus_sp._S/N-304-OC-R1,YkrW,rank_3,Bacillus_sp._S/N-304-OC-R1,Root,RLP,IV,YkrW,Bacillus_sp._S/N-304-OC-R1
Leptospirillum_ferriphilum,YkrW,rank_3,Leptospirillum_ferriphilum,Root,RLP,IV,YkrW,Leptospirillum_ferriphilum
Vannielia_litorea,NonPhoto,rank_3,Vannielia_litorea,Root,RLP,IV,NonPhoto,Vannielia_litorea
Phaeovibrio_sulfidiphilus,DeepYkr,rank_3,Phaeovibrio_sulfidiphilus,Root,RLP,IV,DeepYkr,Phaeovibrio_sulfidiphilus
Insolitispirillum_peregrinum,II_graftm_1,rank_3,Insolitispirillum_peregrinum,Root,Bona_Fide,II,II_graftm_1,Insolitispirillum_peregrinum
Acidimangrovimonas_sediminis,NonPhoto,rank_3,Acidimangrovimonas_sediminis,Root,RLP,IV,NonPhoto,Acidimangrovimonas_sediminis
Halobacterium_sp._TGN-42-S1,B,rank_3,Halobacterium_sp._TGN-42-S1,Root,Bona_Fide,III,B,Halobacterium_sp._TGN-42-S1
Paenibacillus_sp._CAU_1523,YkrW,rank_3,Paenibacillus_sp._CAU_1523,Root,RLP,IV,YkrW,Paenibacillus_sp._CAU_1523
Fictibacillus_enclensis,YkrW,rank_3,Fictibacillus_enclensis,Root,RLP,IV,YkrW,Fictibacillus_enclensis
Methanoculleus_sp._MH98A,B,rank_3,Methanoculleus_sp._MH98A,Root,Bona_Fide,III,B,Methanoculleus_sp._MH98A
Ectothiorhodospira_mobilis,Photo,rank_3,Ectothiorhodospira_mobilis,Root,RLP,IV,Photo,Ectothiorhodospira_mobilis
Halochromatium_glycolicum,Photo,rank_3,Halochromatium_glycolicum,Root,RLP,IV,Photo,Halochromatium_glycolicum
Thermolongibacillus_altinsuensis,YkrW,rank_3,Thermolongibacillus_altinsuensis,Root,RLP,IV,YkrW,Thermolongibacillus_altinsuensis
Veillonella_caviae,DeepYkr,rank_3,Veillonella_caviae,Root,RLP,IV,DeepYkr,Veillonella_caviae
Natranaeroarchaeum_sulfidigenum,B,rank_3,Natranaeroarchaeum_sulfidigenum,Root,Bona_Fide,III,B,Natranaeroarchaeum_sulfidigenum
Bacillus_sp._HNG,YkrW,rank_3,Bacillus_sp._HNG,Root,RLP,IV,YkrW,Bacillus_sp._HNG
Peribacillus_deserti,YkrW,rank_3,Peribacillus_deserti,Root,RLP,IV,YkrW,Peribacillus_deserti
Zeimonas_arvi,DeepYkr,rank_3,Zeimonas_arvi,Root,RLP,IV,DeepYkr,Zeimonas_arvi
Magnetospirillum_aberrantis,II_graftm_1,rank_3,Magnetospirillum_aberrantis,Root,Bona_Fide,II,II_graftm_1,Magnetospirillum_aberrantis
Ectobacillus_panaciterrae,YkrW,rank_3,Ectobacillus_panaciterrae,Root,RLP,IV,YkrW,Ectobacillus_panaciterrae
Azoarcus_taiwanensis,DeepYkr,rank_3,Azoarcus_taiwanensis,Root,RLP,IV,DeepYkr,Azoarcus_taiwanensis
Methanospirillum_lacunae,A,rank_3,Methanospirillum_lacunae,Root,Bona_Fide,III,A,Methanospirillum_lacunae
Transaldolase,III,rank_2,Transaldolase,Root,Bona_Fide,III,Transaldolase,
Thermodesulfobium_acidiphilum,Transaldolase,rank_3,Thermodesulfobium_acidiphilum,Root,Bona_Fide,III,Transaldolase,Thermodesulfobium_acidiphilum
Faecalicatena_fissicatena,Aful,rank_3,Faecalicatena_fissicatena,Root,RLP,IV,Aful,Faecalicatena_fissicatena
Rhodovulum_robiginosum,NonPhoto,rank_3,Rhodovulum_robiginosum,Root,RLP,IV,NonPhoto,Rhodovulum_robiginosum
Thermodesulfitimonas_autotrophica,Transaldolase,rank_3,Thermodesulfitimonas_autotrophica,Root,Bona_Fide,III,Transaldolase,Thermodesulfitimonas_autotrophica
Flavobacterium_flevense,NonPhoto,rank_3,Flavobacterium_flevense,Root,RLP,IV,NonPhoto,Flavobacterium_flevense
Haloarchaeobius_iranensis,B,rank_3,Haloarchaeobius_iranensis,Root,Bona_Fide,III,B,Haloarchaeobius_iranensis
Haloferax_mediterranei,B,rank_3,Haloferax_mediterranei,Root,Bona_Fide,III,B,Haloferax_mediterranei
Halovenus_sp._WSH3,B,rank_3,Halovenus_sp._WSH3,Root,Bona_Fide,III,B,Halovenus_sp._WSH3
Paenibacillus_antri,YkrW,rank_3,Paenibacillus_antri,Root,RLP,IV,YkrW,Paenibacillus_antri
Fluviispira_multicolorata,YkrW,rank_3,Fluviispira_multicolorata,Root,RLP,IV,YkrW,Fluviispira_multicolorata
Pedobacter_sp._AK017,NonPhoto,rank_3,Pedobacter_sp._AK017,Root,RLP,IV,NonPhoto,Pedobacter_sp._AK017
Granulicella_sp._WH15,NonPhoto,rank_3,Granulicella_sp._WH15,Root,RLP,IV,NonPhoto,Granulicella_sp._WH15
Rhizobium_phaseoli,NonPhoto,rank_3,Rhizobium_phaseoli,Root,RLP,IV,NonPhoto,Rhizobium_phaseoli
Methanoperedens_nitroreducens,B,rank_3,Methanoperedens_nitroreducens,Root,Bona_Fide,III,B,Methanoperedens_nitroreducens
Arachidicoccus_sp._5GH13-10,NonPhoto,rank_3,Arachidicoccus_sp._5GH13-10,Root,RLP,IV,NonPhoto,Arachidicoccus_sp._5GH13-10
Dyadobacter_fermentans,NonPhoto,rank_3,Dyadobacter_fermentans,Root,RLP,IV,NonPhoto,Dyadobacter_fermentans
Halapricum_desulfuricans,B,rank_3,Halapricum_desulfuricans,Root,Bona_Fide,III,B,Halapricum_desulfuricans
Halopenitus_malekzadehii,B,rank_3,Halopenitus_malekzadehii,Root,Bona_Fide,III,B,Halopenitus_malekzadehii
Tabrizicola_sp._YIM_78059,DeepYkr,rank_3,Tabrizicola_sp._YIM_78059,Root,RLP,IV,DeepYkr,Tabrizicola_sp._YIM_78059
Natronomonas_gomsonensis,B,rank_3,Natronomonas_gomsonensis,Root,Bona_Fide,III,B,Natronomonas_gomsonensis
Bacillus_sp._M6-12,YkrW,rank_3,Bacillus_sp._M6-12,Root,RLP,IV,YkrW,Bacillus_sp._M6-12
Aureimonas_jatrophae,NonPhoto,rank_3,Aureimonas_jatrophae,Root,RLP,IV,NonPhoto,Aureimonas_jatrophae
Paenibacillus_sp._481,YkrW,rank_3,Paenibacillus_sp._481,Root,RLP,IV,YkrW,Paenibacillus_sp._481
Pelagicoccus_albus,NonPhoto,rank_3,Pelagicoccus_albus,Root,RLP,IV,NonPhoto,Pelagicoccus_albus
Rubellimicrobium_thermophilum,DeepYkr,rank_3,Rubellimicrobium_thermophilum,Root,RLP,IV,DeepYkr,Rubellimicrobium_thermophilum
Rossellomorea_vietnamensis,YkrW,rank_3,Rossellomorea_vietnamensis,Root,RLP,IV,YkrW,Rossellomorea_vietnamensis
Ammonifex_degensii,Transaldolase,rank_3,Ammonifex_degensii,Root,Bona_Fide,III,Transaldolase,Ammonifex_degensii
Alicyclobacillus_acidiphilus,YkrW,rank_3,Alicyclobacillus_acidiphilus,Root,RLP,IV,YkrW,Alicyclobacillus_acidiphilus
Lacibacter_sp._S13-6-6,NonPhoto,rank_3,Lacibacter_sp._S13-6-6,Root,RLP,IV,NonPhoto,Lacibacter_sp._S13-6-6
Methanolinea_mesophila,A,rank_3,Methanolinea_mesophila,Root,Bona_Fide,III,A,Methanolinea_mesophila
Rubellimicrobium_mesophilum,DeepYkr,rank_3,Rubellimicrobium_mesophilum,Root,RLP,IV,DeepYkr,Rubellimicrobium_mesophilum
Paracoccus_isoporae,DeepYkr,rank_3,Paracoccus_isoporae,Root,RLP,IV,DeepYkr,Paracoccus_isoporae
Lichenicola_cladoniae,NonPhoto,rank_3,Lichenicola_cladoniae,Root,RLP,IV,NonPhoto,Lichenicola_cladoniae
Methanoplanus_limicola,A,rank_3,Methanoplanus_limicola,Root,Bona_Fide,III,A,Methanoplanus_limicola
Silvanigrella_aquatica,YkrW,rank_3,Silvanigrella_aquatica,Root,RLP,IV,YkrW,Silvanigrella_aquatica
Tautonia_plasticadhaerens,NonPhoto,rank_3,Tautonia_plasticadhaerens,Root,RLP,IV,NonPhoto,Tautonia_plasticadhaerens
Neobacillus_sp._JJ-79,YkrW,rank_3,Neobacillus_sp._JJ-79,Root,RLP,IV,YkrW,Neobacillus_sp._JJ-79
Sinomicrobium_pectinilyticum,NonPhoto,rank_3,Sinomicrobium_pectinilyticum,Root,RLP,IV,NonPhoto,Sinomicrobium_pectinilyticum
Paenibacillus_aquistagni,YkrW,rank_3,Paenibacillus_aquistagni,Root,RLP,IV,YkrW,Paenibacillus_aquistagni
Paracoccus_onubensis,NonPhoto,rank_3,Paracoccus_onubensis,Root,RLP,IV,NonPhoto,Paracoccus_onubensis
Mesobacillus_subterraneus,YkrW,rank_3,Mesobacillus_subterraneus,Root,RLP,IV,YkrW,Mesobacillus_subterraneus
Effusibacillus_pohliae,YkrW,rank_3,Effusibacillus_pohliae,Root,RLP,IV,YkrW,Effusibacillus_pohliae
Azorhizobium_oxalatiphilum,NonPhoto,rank_3,Azorhizobium_oxalatiphilum,Root,RLP,IV,NonPhoto,Azorhizobium_oxalatiphilum
Natrialba_aegyptia,B,rank_3,Natrialba_aegyptia,Root,Bona_Fide,III,B,Natrialba_aegyptia
Archaeoglobus_sulfaticallidus,B,rank_3,Archaeoglobus_sulfaticallidus,Root,Bona_Fide,III,B,Archaeoglobus_sulfaticallidus
Mangrovicella_endophytica,NonPhoto,rank_3,Mangrovicella_endophytica,Root,RLP,IV,NonPhoto,Mangrovicella_endophytica
Spirochaetes_bacterium,DeepYkr,rank_3,Spirochaetes_bacterium,Root,RLP,IV,DeepYkr,Spirochaetes_bacterium
Pirellulales_bacterium,NonPhoto,rank_3,Pirellulales_bacterium,Root,RLP,IV,NonPhoto,Pirellulales_bacterium
C,III,rank_2,C,Root,Bona_Fide,III,C,
uncultured_bacterium,C,rank_3,uncultured_bacterium,Root,Bona_Fide,III,C,uncultured_bacterium
Nitrospirae_bacterium,DeepYkr,rank_3,Nitrospirae_bacterium,Root,RLP,IV,DeepYkr,Nitrospirae_bacterium
Acidobacteria_bacterium,DeepYkr,rank_3,Acidobacteria_bacterium,Root,RLP,IV,DeepYkr,Acidobacteria_bacterium
Nitrospira_sp.,DeepYkr,rank_3,Nitrospira_sp.,Root,RLP,IV,DeepYkr,Nitrospira_sp.
Xanthomonadales_bacterium,DeepYkr,rank_3,Xanthomonadales_bacterium,Root,RLP,IV,DeepYkr,Xanthomonadales_bacterium
Aenigmarchaeota_archaeon,B,rank_3,Aenigmarchaeota_archaeon,Root,Bona_Fide,III,B,Aenigmarchaeota_archaeon
Limnobacter_sp.,DeepYkr,rank_3,Limnobacter_sp.,Root,RLP,IV,DeepYkr,Limnobacter_sp.
Anaerolineales_bacterium,DeepYkr,rank_3,Anaerolineales_bacterium,Root,RLP,IV,DeepYkr,Anaerolineales_bacterium
Rhodospirillales_bacterium,DeepYkr,rank_3,Rhodospirillales_bacterium,Root,RLP,IV,DeepYkr,Rhodospirillales_bacterium
Betaproteobacteria_bacterium,DeepYkr,rank_3,Betaproteobacteria_bacterium,Root,RLP,IV,DeepYkr,Betaproteobacteria_bacterium
II_III,Bona_Fide,rank_1,II_III,Root,Bona_Fide,II_III,,
II_III_graftm_1,II_III,rank_2,II_III_graftm_1,Root,Bona_Fide,II_III,II_III_graftm_1,
Patescibacteria_group_bacterium,II_III_graftm_1,rank_3,Patescibacteria_group_bacterium,Root,Bona_Fide,II_III,II_III_graftm_1,Patescibacteria_group_bacterium
Anaerolineae_bacterium,DeepYkr,rank_3,Anaerolineae_bacterium,Root,RLP,IV,DeepYkr,Anaerolineae_bacterium
Gammaproteobacteria_bacterium,YkrW,rank_3,Gammaproteobacteria_bacterium,Root,RLP,IV,YkrW,Gammaproteobacteria_bacterium
Gemmatimonas_sp._SG8_28,DeepYkr,rank_3,Gemmatimonas_sp._SG8_28,Root,RLP,IV,DeepYkr,Gemmatimonas_sp._SG8_28
Gammaproteobacteria_bacterium_graftm_1,DeepYkr,rank_3,Gammaproteobacteria_bacterium_graftm_1,Root,RLP,IV,DeepYkr,Gammaproteobacteria_bacterium_graftm_1
Dojkabacteria_bacterium_HGW-Dojkabacteria-1,II_III_graftm_1,rank_3,Dojkabacteria_bacterium_HGW-Dojkabacteria-1,Root,Bona_Fide,II_III,II_III_graftm_1,Dojkabacteria_bacterium_HGW-Dojkabacteria-1
Methanoperedenaceae_archaeon,A,rank_3,Methanoperedenaceae_archaeon,Root,Bona_Fide,III,A,Methanoperedenaceae_archaeon
Symbiodinium_sp._CCMP2456,II_graftm_1,rank_3,Symbiodinium_sp._CCMP2456,Root,Bona_Fide,II,II_graftm_1,Symbiodinium_sp._CCMP2456
I,Bona_Fide,rank_1,I,Root,Bona_Fide,I,,
C_graftm_1,I,rank_2,C_graftm_1,Root,Bona_Fide,I,C_graftm_1,
Caballeronia_insecticola,C_graftm_1,rank_3,Caballeronia_insecticola,Root,Bona_Fide,I,C_graftm_1,Caballeronia_insecticola
Paenibacillaceae_bacterium,YkrW,rank_3,Paenibacillaceae_bacterium,Root,RLP,IV,YkrW,Paenibacillaceae_bacterium
Alphaproteobacteria_bacterium,DeepYkr,rank_3,Alphaproteobacteria_bacterium,Root,RLP,IV,DeepYkr,Alphaproteobacteria_bacterium
Acetobacteraceae_bacterium,DeepYkr,rank_3,Acetobacteraceae_bacterium,Root,RLP,IV,DeepYkr,Acetobacteraceae_bacterium
Eremiobacteraeota_bacterium,DeepYkr,rank_3,Eremiobacteraeota_bacterium,Root,RLP,IV,DeepYkr,Eremiobacteraeota_bacterium
Micropruina_sp.,Aful,rank_3,Micropruina_sp.,Root,RLP,IV,Aful,Micropruina_sp.
B_graftm_1,I,rank_2,B_graftm_1,Root,Bona_Fide,I,B_graftm_1,
Oryza_sativa,B_graftm_1,rank_3,Oryza_sativa,Root,Bona_Fide,I,B_graftm_1,Oryza_sativa
Planctomycetaceae_bacterium,DeepYkr,rank_3,Planctomycetaceae_bacterium,Root,RLP,IV,DeepYkr,Planctomycetaceae_bacterium
Proteobacteria_bacterium,DeepYkr,rank_3,Proteobacteria_bacterium,Root,RLP,IV,DeepYkr,Proteobacteria_bacterium
Sulfobacillus_acidophilus,YkrW,rank_3,Sulfobacillus_acidophilus,Root,RLP,IV,YkrW,Sulfobacillus_acidophilus
Planctomycetes_bacterium,NonPhoto,rank_3,Planctomycetes_bacterium,Root,RLP,IV,NonPhoto,Planctomycetes_bacterium
Like,III,rank_2,Like,Root,Bona_Fide,III,Like,
Patescibacteria_group_bacterium_graftm_1,Like,rank_3,Patescibacteria_group_bacterium_graftm_1,Root,Bona_Fide,III,Like,Patescibacteria_group_bacterium_graftm_1
uncultured_archaeon,B,rank_3,uncultured_archaeon,Root,Bona_Fide,III,B,uncultured_archaeon
Latescibacteria_bacterium,NonPhoto,rank_3,Latescibacteria_bacterium,Root,RLP,IV,NonPhoto,Latescibacteria_bacterium
Actinobacteria_bacterium,DeepYkr,rank_3,Actinobacteria_bacterium,Root,RLP,IV,DeepYkr,Actinobacteria_bacterium
Fibrobacteria_bacterium,Aful,rank_3,Fibrobacteria_bacterium,Root,RLP,IV,Aful,Fibrobacteria_bacterium
Rhodobiaceae_bacterium,NonPhoto,rank_3,Rhodobiaceae_bacterium,Root,RLP,IV,NonPhoto,Rhodobiaceae_bacterium
Olavius_sp._associated_proteobacterium_Delta_1,Aful,rank_3,Olavius_sp._associated_proteobacterium_Delta_1,Root,RLP,IV,Aful,Olavius_sp._associated_proteobacterium_Delta_1
Thioploca_ingrica,DeepYkr,rank_3,Thioploca_ingrica,Root,RLP,IV,DeepYkr,Thioploca_ingrica
Micrarchaeota_archaeon,B,rank_3,Micrarchaeota_archaeon,Root,Bona_Fide,III,B,Micrarchaeota_archaeon
Nymphaea_thermarum,B_graftm_1,rank_3,Nymphaea_thermarum,Root,Bona_Fide,I,B_graftm_1,Nymphaea_thermarum
Myxococcales_bacterium,YkrW,rank_3,Myxococcales_bacterium,Root,RLP,IV,YkrW,Myxococcales_bacterium
ANME-2_cluster_archaeon,A,rank_3,ANME-2_cluster_archaeon,Root,Bona_Fide,III,A,ANME-2_cluster_archaeon
Actinobacteria_bacterium_ADurb.BinA094,II_graftm_1,rank_3,Actinobacteria_bacterium_ADurb.BinA094,Root,Bona_Fide,II,II_graftm_1,Actinobacteria_bacterium_ADurb.BinA094
Dehalococcoidia_bacterium,YkrW,rank_3,Dehalococcoidia_bacterium,Root,RLP,IV,YkrW,Dehalococcoidia_bacterium
uncultured_bacterium_graftm_1,II_III_graftm_1,rank_3,uncultured_bacterium_graftm_1,Root,Bona_Fide,II_III,II_III_graftm_1,uncultured_bacterium_graftm_1
Symbiodinium_sp._CCMP2592,II_graftm_1,rank_3,Symbiodinium_sp._CCMP2592,Root,Bona_Fide,II,II_graftm_1,Symbiodinium_sp._CCMP2592
Symbiodinium_pilosum,II_graftm_1,rank_3,Symbiodinium_pilosum,Root,Bona_Fide,II,II_graftm_1,Symbiodinium_pilosum
Hyphomicrobiaceae_bacterium,DeepYkr,rank_3,Hyphomicrobiaceae_bacterium,Root,RLP,IV,DeepYkr,Hyphomicrobiaceae_bacterium
Methanolliviera_hydrocarbonicum,Aful,rank_3,Methanolliviera_hydrocarbonicum,Root,RLP,IV,Aful,Methanolliviera_hydrocarbonicum
Gemmatimonadetes_bacterium,DeepYkr,rank_3,Gemmatimonadetes_bacterium,Root,RLP,IV,DeepYkr,Gemmatimonadetes_bacterium
Elusimicrobia_bacterium,DeepYkr,rank_3,Elusimicrobia_bacterium,Root,RLP,IV,DeepYkr,Elusimicrobia_bacterium
Firmicutes_bacterium,Aful,rank_3,Firmicutes_bacterium,Root,RLP,IV,Aful,Firmicutes_bacterium
Desulfurococcales_archaeon,Aful,rank_3,Desulfurococcales_archaeon,Root,RLP,IV,Aful,Desulfurococcales_archaeon
Kentron_sp._H,DeepYkr,rank_3,Kentron_sp._H,Root,RLP,IV,DeepYkr,Kentron_sp._H
bacterium,C,rank_3,bacterium,Root,Bona_Fide,III,C,bacterium
Helarchaeota_archaeon,Aful,rank_3,Helarchaeota_archaeon,Root,RLP,IV,Aful,Helarchaeota_archaeon
Chromatiaceae_bacterium,DeepYkr,rank_3,Chromatiaceae_bacterium,Root,RLP,IV,DeepYkr,Chromatiaceae_bacterium
Veillonellaceae_bacterium,DeepYkr,rank_3,Veillonellaceae_bacterium,Root,RLP,IV,DeepYkr,Veillonellaceae_bacterium
Methylocystis_sp.,NonPhoto,rank_3,Methylocystis_sp.,Root,RLP,IV,NonPhoto,Methylocystis_sp.
prime,I,rank_2,prime,Root,Bona_Fide,I,prime,
Gemmatimonadetes_bacterium_graftm_1,prime,rank_3,Gemmatimonadetes_bacterium_graftm_1,Root,Bona_Fide,I,prime,Gemmatimonadetes_bacterium_graftm_1
Phycisphaerae_bacterium,NonPhoto,rank_3,Phycisphaerae_bacterium,Root,RLP,IV,NonPhoto,Phycisphaerae_bacterium
Euryarchaeota_archaeon,II_III_graftm_1,rank_3,Euryarchaeota_archaeon,Root,Bona_Fide,II_III,II_III_graftm_1,Euryarchaeota_archaeon
Archaeoglobus_sp.,B,rank_3,Archaeoglobus_sp.,Root,Bona_Fide,III,B,Archaeoglobus_sp.
bacterium_HR33,DeepYkr,rank_3,bacterium_HR33,Root,RLP,IV,DeepYkr,bacterium_HR33
Thioploca_sp.,DeepYkr,rank_3,Thioploca_sp.,Root,RLP,IV,DeepYkr,Thioploca_sp.
Pacearchaeota_archaeon,Like,rank_3,Pacearchaeota_archaeon,Root,Bona_Fide,III,Like,Pacearchaeota_archaeon
Firmicutes_bacterium_HGW-Firmicutes-15,DeepYkr,rank_3,Firmicutes_bacterium_HGW-Firmicutes-15,Root,RLP,IV,DeepYkr,Firmicutes_bacterium_HGW-Firmicutes-15
bacterium_graftm_1,YkrW,rank_3,bacterium_graftm_1,Root,RLP,IV,YkrW,bacterium_graftm_1
Nanopelagicales_bacterium,DeepYkr,rank_3,Nanopelagicales_bacterium,Root,RLP,IV,DeepYkr,Nanopelagicales_bacterium
Heimdallarchaeota_archaeon,Aful,rank_3,Heimdallarchaeota_archaeon,Root,RLP,IV,Aful,Heimdallarchaeota_archaeon
Dialister_sp.,DeepYkr,rank_3,Dialister_sp.,Root,RLP,IV,DeepYkr,Dialister_sp.
Myxococcales_bacterium_graftm_1,DeepYkr,rank_3,Myxococcales_bacterium_graftm_1,Root,RLP,IV,DeepYkr,Myxococcales_bacterium_graftm_1
Burkholderiales_bacterium,DeepYkr,rank_3,Burkholderiales_bacterium,Root,RLP,IV,DeepYkr,Burkholderiales_bacterium
Bacillus_sp._NRRL_B-14911,YkrW,rank_3,Bacillus_sp._NRRL_B-14911,Root,RLP,IV,YkrW,Bacillus_sp._NRRL_B-14911
Woesearchaeota_archaeon,B,rank_3,Woesearchaeota_archaeon,Root,Bona_Fide,III,B,Woesearchaeota_archaeon
Thermoanaerobaculia_bacterium,DeepYkr,rank_3,Thermoanaerobaculia_bacterium,Root,RLP,IV,DeepYkr,Thermoanaerobaculia_bacterium
Anaerolineaceae_bacterium,NonPhoto,rank_3,Anaerolineaceae_bacterium,Root,RLP,IV,NonPhoto,Anaerolineaceae_bacterium
Methylobacterium_nodulans,NonPhoto,rank_3,Methylobacterium_nodulans,Root,RLP,IV,NonPhoto,Methylobacterium_nodulans
Vitrella_brassicaformis,II_graftm_1,rank_3,Vitrella_brassicaformis,Root,Bona_Fide,II,II_graftm_1,Vitrella_brassicaformis
Nitrosospira_briensis,C_graftm_1,rank_3,Nitrosospira_briensis,Root,Bona_Fide,I,C_graftm_1,Nitrosospira_briensis
Thermoprotei_archaeon,B,rank_3,Thermoprotei_archaeon,Root,Bona_Fide,III,B,Thermoprotei_archaeon
GOS_and_Phage,IV,rank_2,GOS_and_Phage,Root,RLP,IV,GOS_and_Phage,
Crocinitomicaceae_bacterium,GOS_and_Phage,rank_3,Crocinitomicaceae_bacterium,Root,RLP,IV,GOS_and_Phage,Crocinitomicaceae_bacterium
Diapherotrites_archaeon,B,rank_3,Diapherotrites_archaeon,Root,Bona_Fide,III,B,Diapherotrites_archaeon
Solibacter_sp.,NonPhoto,rank_3,Solibacter_sp.,Root,RLP,IV,NonPhoto,Solibacter_sp.
Gossypium_mustelinum,B_graftm_1,rank_3,Gossypium_mustelinum,Root,Bona_Fide,I,B_graftm_1,Gossypium_mustelinum
candidate_division_SR1_bacterium_CG_4_9_14_3_um_filter_40_9,II_III_graftm_1,rank_3,candidate_division_SR1_bacterium_CG_4_9_14_3_um_filter_40_9,Root,Bona_Fide,II_III,II_III_graftm_1,candidate_division_SR1_bacterium_CG_4_9_14_3_um_filter_40_9
Deltaproteobacteria_bacterium,YkrW,rank_3,Deltaproteobacteria_bacterium,Root,RLP,IV,YkrW,Deltaproteobacteria_bacterium
Bauldia_sp.,NonPhoto,rank_3,Bauldia_sp.,Root,RLP,IV,NonPhoto,Bauldia_sp.
Musa_balbisiana,B_graftm_1,rank_3,Musa_balbisiana,Root,Bona_Fide,I,B_graftm_1,Musa_balbisiana
A_graftm_1,I,rank_2,A_graftm_1,Root,Bona_Fide,I,A_graftm_1,
Actinobacteria_bacterium_graftm_1,A_graftm_1,rank_3,Actinobacteria_bacterium_graftm_1,Root,Bona_Fide,I,A_graftm_1,Actinobacteria_bacterium_graftm_1
Chromatiaceae_bacterium_graftm_1,Photo,rank_3,Chromatiaceae_bacterium_graftm_1,Root,RLP,IV,Photo,Chromatiaceae_bacterium_graftm_1
Rhizobiaceae_bacterium,A_graftm_1,rank_3,Rhizobiaceae_bacterium,Root,Bona_Fide,I,A_graftm_1,Rhizobiaceae_bacterium
Leptolinea_sp.,DeepYkr,rank_3,Leptolinea_sp.,Root,RLP,IV,DeepYkr,Leptolinea_sp.
Hyphomicrobiales_bacterium,NonPhoto,rank_3,Hyphomicrobiales_bacterium,Root,RLP,IV,NonPhoto,Hyphomicrobiales_bacterium
Hadesarchaea_archaeon_CG08_land_8_20_14_0_20_51_8,B,rank_3,Hadesarchaea_archaeon_CG08_land_8_20_14_0_20_51_8,Root,Bona_Fide,III,B,Hadesarchaea_archaeon_CG08_land_8_20_14_0_20_51_8
Pacearchaeota_archaeon_graftm_1,B,rank_3,Pacearchaeota_archaeon_graftm_1,Root,Bona_Fide,III,B,Pacearchaeota_archaeon_graftm_1
Thermofilum_sp.,B,rank_3,Thermofilum_sp.,Root,Bona_Fide,III,B,Thermofilum_sp.
Nanoarchaeota_archaeon,B,rank_3,Nanoarchaeota_archaeon,Root,Bona_Fide,III,B,Nanoarchaeota_archaeon
Bacteroidetes_bacterium,DeepYkr,rank_3,Bacteroidetes_bacterium,Root,RLP,IV,DeepYkr,Bacteroidetes_bacterium
uncultured_archaeon_graftm_1,Like,rank_3,uncultured_archaeon_graftm_1,Root,Bona_Fide,III,Like,uncultured_archaeon_graftm_1
Zingiber_officinale,B_graftm_1,rank_3,Zingiber_officinale,Root,Bona_Fide,I,B_graftm_1,Zingiber_officinale
Norongarragalina_meridionalis,B,rank_3,Norongarragalina_meridionalis,Root,Bona_Fide,III,B,Norongarragalina_meridionalis
Planctomyces_sp.,DeepYkr,rank_3,Planctomyces_sp.,Root,RLP,IV,DeepYkr,Planctomyces_sp.
Chloroflexi_bacterium,Aful,rank_3,Chloroflexi_bacterium,Root,RLP,IV,Aful,Chloroflexi_bacterium
Clostridiaceae_bacterium,Aful,rank_3,Clostridiaceae_bacterium,Root,RLP,IV,Aful,Clostridiaceae_bacterium
Falkowbacteria_bacterium,C,rank_3,Falkowbacteria_bacterium,Root,Bona_Fide,III,C,Falkowbacteria_bacterium
Pyrococcus_horikoshii,B,rank_3,Pyrococcus_horikoshii,Root,Bona_Fide,III,B,Pyrococcus_horikoshii
Chloroflexi_bacterium_GWC2_73_18,Aful,rank_3,Chloroflexi_bacterium_GWC2_73_18,Root,RLP,IV,Aful,Chloroflexi_bacterium_GWC2_73_18
Spirochaetales_bacterium,DeepYkr,rank_3,Spirochaetales_bacterium,Root,RLP,IV,DeepYkr,Spirochaetales_bacterium
Capsicum_chinense,B_graftm_1,rank_3,Capsicum_chinense,Root,Bona_Fide,I,B_graftm_1,Capsicum_chinense
Clostridia_bacterium_BRH_c25,Aful,rank_3,Clostridia_bacterium_BRH_c25,Root,RLP,IV,Aful,Clostridia_bacterium_BRH_c25
Actinomycetales_bacterium,DeepYkr,rank_3,Actinomycetales_bacterium,Root,RLP,IV,DeepYkr,Actinomycetales_bacterium
Jiella_pacifica,NonPhoto,rank_3,Jiella_pacifica,Root,RLP,IV,NonPhoto,Jiella_pacifica
Rhodobacteraceae_bacterium,NonPhoto,rank_3,Rhodobacteraceae_bacterium,Root,RLP,IV,NonPhoto,Rhodobacteraceae_bacterium
Nitrospira_moscoviensis,DeepYkr,rank_3,Nitrospira_moscoviensis,Root,RLP,IV,DeepYkr,Nitrospira_moscoviensis
candidate_division_MSBL1_archaeon_SCGC-AAA259D18,Aful,rank_3,candidate_division_MSBL1_archaeon_SCGC-AAA259D18,Root,RLP,IV,Aful,candidate_division_MSBL1_archaeon_SCGC-AAA259D18
Acidovorax_sp._NB1,NonPhoto,rank_3,Acidovorax_sp._NB1,Root,RLP,IV,NonPhoto,Acidovorax_sp._NB1
bacterium_graftm_2,DeepYkr,rank_3,bacterium_graftm_2,Root,RLP,IV,DeepYkr,bacterium_graftm_2
Deltaproteobacteria_bacterium_RBG_16_47_11,Aful,rank_3,Deltaproteobacteria_bacterium_RBG_16_47_11,Root,RLP,IV,Aful,Deltaproteobacteria_bacterium_RBG_16_47_11
Gossypium_anomalum,B_graftm_1,rank_3,Gossypium_anomalum,Root,Bona_Fide,I,B_graftm_1,Gossypium_anomalum
Capsicum_baccatum,B_graftm_1,rank_3,Capsicum_baccatum,Root,Bona_Fide,I,B_graftm_1,Capsicum_baccatum
Acidobacteria_bacterium_graftm_1,Aful,rank_3,Acidobacteria_bacterium_graftm_1,Root,RLP,IV,Aful,Acidobacteria_bacterium_graftm_1
Bacillus_sp._SG-1,YkrW,rank_3,Bacillus_sp._SG-1,Root,RLP,IV,YkrW,Bacillus_sp._SG-1
Endomicrobiales_bacterium,DeepYkr,rank_3,Endomicrobiales_bacterium,Root,RLP,IV,DeepYkr,Endomicrobiales_bacterium
Chloroflexi_bacterium_graftm_1,DeepYkr,rank_3,Chloroflexi_bacterium_graftm_1,Root,RLP,IV,DeepYkr,Chloroflexi_bacterium_graftm_1
uncultured_Rubrobacteraceae_bacterium,NonPhoto,rank_3,uncultured_Rubrobacteraceae_bacterium,Root,RLP,IV,NonPhoto,uncultured_Rubrobacteraceae_bacterium
Halieaceae_bacterium,NonPhoto,rank_3,Halieaceae_bacterium,Root,RLP,IV,NonPhoto,Halieaceae_bacterium
Actinobacteria_bacterium_graftm_2,Aful,rank_3,Actinobacteria_bacterium_graftm_2,Root,RLP,IV,Aful,Actinobacteria_bacterium_graftm_2
Aerophobetes_bacterium_Ae_b3b,Aful,rank_3,Aerophobetes_bacterium_Ae_b3b,Root,RLP,IV,Aful,Aerophobetes_bacterium_Ae_b3b
Ectothiorhodospiraceae_bacterium,DeepYkr,rank_3,Ectothiorhodospiraceae_bacterium,Root,RLP,IV,DeepYkr,Ectothiorhodospiraceae_bacterium
Micrarchaeota_archaeon_CG1_02_49_24,B,rank_3,Micrarchaeota_archaeon_CG1_02_49_24,Root,Bona_Fide,III,B,Micrarchaeota_archaeon_CG1_02_49_24
Brevibacillus_laterosporus,YkrW,rank_3,Brevibacillus_laterosporus,Root,RLP,IV,YkrW,Brevibacillus_laterosporus
archaeon,B,rank_3,archaeon,Root,Bona_Fide,III,B,archaeon
Holophagales_bacterium,DeepYkr,rank_3,Holophagales_bacterium,Root,RLP,IV,DeepYkr,Holophagales_bacterium
Parasporobacterium_sp.,DeepYkr,rank_3,Parasporobacterium_sp.,Root,RLP,IV,DeepYkr,Parasporobacterium_sp.
Planctomycetales_bacterium,NonPhoto,rank_3,Planctomycetales_bacterium,Root,RLP,IV,NonPhoto,Planctomycetales_bacterium
Syntrophomonadaceae_bacterium,DeepYkr,rank_3,Syntrophomonadaceae_bacterium,Root,RLP,IV,DeepYkr,Syntrophomonadaceae_bacterium
uncultured_bacterium_graftm_2,Like,rank_3,uncultured_bacterium_graftm_2,Root,Bona_Fide,III,Like,uncultured_bacterium_graftm_2
Rhodospirillales_bacterium_graftm_1,II_graftm_1,rank_3,Rhodospirillales_bacterium_graftm_1,Root,Bona_Fide,II,II_graftm_1,Rhodospirillales_bacterium_graftm_1
Clostridia_bacterium,Aful,rank_3,Clostridia_bacterium,Root,RLP,IV,Aful,Clostridia_bacterium
Achromatium_sp._WMS3,DeepYkr,rank_3,Achromatium_sp._WMS3,Root,RLP,IV,DeepYkr,Achromatium_sp._WMS3
Nocardioidaceae_bacterium,DeepYkr,rank_3,Nocardioidaceae_bacterium,Root,RLP,IV,DeepYkr,Nocardioidaceae_bacterium
Gemmatimonadaceae_bacterium,Photo,rank_3,Gemmatimonadaceae_bacterium,Root,RLP,IV,Photo,Gemmatimonadaceae_bacterium
Rhizobium_sp._Q54,NonPhoto,rank_3,Rhizobium_sp._Q54,Root,RLP,IV,NonPhoto,Rhizobium_sp._Q54
Magnetoovum_chiemensis,DeepYkr,rank_3,Magnetoovum_chiemensis,Root,RLP,IV,DeepYkr,Magnetoovum_chiemensis
Gemmatimonadales_bacterium,DeepYkr,rank_3,Gemmatimonadales_bacterium,Root,RLP,IV,DeepYkr,Gemmatimonadales_bacterium
Veillonella_sp.,DeepYkr,rank_3,Veillonella_sp.,Root,RLP,IV,DeepYkr,Veillonella_sp.
Algoriphagus_sp.,GOS_and_Phage,rank_3,Algoriphagus_sp.,Root,RLP,IV,GOS_and_Phage,Algoriphagus_sp.
Woesearchaeota_archaeon_graftm_1,II_III_graftm_1,rank_3,Woesearchaeota_archaeon_graftm_1,Root,Bona_Fide,II_III,II_III_graftm_1,Woesearchaeota_archaeon_graftm_1
Pacearchaeota_archaeon_CG1_02_32_132,B,rank_3,Pacearchaeota_archaeon_CG1_02_32_132,Root,Bona_Fide,III,B,Pacearchaeota_archaeon_CG1_02_32_132
bacterium_ADurb.Bin363,DeepYkr,rank_3,bacterium_ADurb.Bin363,Root,RLP,IV,DeepYkr,bacterium_ADurb.Bin363
Chitinophagaceae_bacterium,NonPhoto,rank_3,Chitinophagaceae_bacterium,Root,RLP,IV,NonPhoto,Chitinophagaceae_bacterium
Lokiarchaeota_archaeon,Aful,rank_3,Lokiarchaeota_archaeon,Root,RLP,IV,Aful,Lokiarchaeota_archaeon
Pedosphaera_sp.,NonPhoto,rank_3,Pedosphaera_sp.,Root,RLP,IV,NonPhoto,Pedosphaera_sp.
Opitutae_bacterium,NonPhoto,rank_3,Opitutae_bacterium,Root,RLP,IV,NonPhoto,Opitutae_bacterium
Hadesarchaea_archaeon,B,rank_3,Hadesarchaea_archaeon,Root,Bona_Fide,III,B,Hadesarchaea_archaeon
Burkholderiaceae_bacterium,DeepYkr,rank_3,Burkholderiaceae_bacterium,Root,RLP,IV,DeepYkr,Burkholderiaceae_bacterium
Nitratireductor_sp.,DeepYkr,rank_3,Nitratireductor_sp.,Root,RLP,IV,DeepYkr,Nitratireductor_sp.
Bathyarchaeota_archaeon_ex4484_205,B,rank_3,Bathyarchaeota_archaeon_ex4484_205,Root,Bona_Fide,III,B,Bathyarchaeota_archaeon_ex4484_205
Pelagibacterales_bacterium_SAG-MED47,GOS_and_Phage,rank_3,Pelagibacterales_bacterium_SAG-MED47,Root,RLP,IV,GOS_and_Phage,Pelagibacterales_bacterium_SAG-MED47
Lokiarchaeota_archaeon_graftm_1,B,rank_3,Lokiarchaeota_archaeon_graftm_1,Root,Bona_Fide,III,B,Lokiarchaeota_archaeon_graftm_1
Acidobacteriaceae_bacterium,NonPhoto,rank_3,Acidobacteriaceae_bacterium,Root,RLP,IV,NonPhoto,Acidobacteriaceae_bacterium
Nitrospira_sp._CG24D,DeepYkr,rank_3,Nitrospira_sp._CG24D,Root,RLP,IV,DeepYkr,Nitrospira_sp._CG24D
uncultured_Candidatus_Pacearchaeota_archaeon,B,rank_3,uncultured_Candidatus_Pacearchaeota_archaeon,Root,Bona_Fide,III,B,uncultured_Candidatus_Pacearchaeota_archaeon
Thiohalocapsa_sp.,DeepYkr,rank_3,Thiohalocapsa_sp.,Root,RLP,IV,DeepYkr,Thiohalocapsa_sp.
Vampirovibrionales_bacterium,YkrW,rank_3,Vampirovibrionales_bacterium,Root,RLP,IV,YkrW,Vampirovibrionales_bacterium
Proteobacteria_bacterium_graftm_1,YkrW,rank_3,Proteobacteria_bacterium_graftm_1,Root,RLP,IV,YkrW,Proteobacteria_bacterium_graftm_1
Nitrospirae_bacterium_graftm_1,YkrW,rank_3,Nitrospirae_bacterium_graftm_1,Root,RLP,IV,YkrW,Nitrospirae_bacterium_graftm_1
Phycisphaerales_bacterium,NonPhoto,rank_3,Phycisphaerales_bacterium,Root,RLP,IV,NonPhoto,Phycisphaerales_bacterium
Morus_notabilis,B_graftm_1,rank_3,Morus_notabilis,Root,Bona_Fide,I,B_graftm_1,Morus_notabilis
Verrucomicrobia_bacterium_Tous-C9LFEB,DeepYkr,rank_3,Verrucomicrobia_bacterium_Tous-C9LFEB,Root,RLP,IV,DeepYkr,Verrucomicrobia_bacterium_Tous-C9LFEB
Anaerolineae_bacterium_graftm_1,NonPhoto,rank_3,Anaerolineae_bacterium_graftm_1,Root,RLP,IV,NonPhoto,Anaerolineae_bacterium_graftm_1
Dojkabacteria_bacterium,II_III_graftm_1,rank_3,Dojkabacteria_bacterium,Root,Bona_Fide,II_III,II_III_graftm_1,Dojkabacteria_bacterium
Acetobacteraceae_bacterium_AT-5844,NonPhoto,rank_3,Acetobacteraceae_bacterium_AT-5844,Root,RLP,IV,NonPhoto,Acetobacteraceae_bacterium_AT-5844
Komeilibacteria_bacterium_CG_4_10_14_0_2_um_filter_37_10,C,rank_3,Komeilibacteria_bacterium_CG_4_10_14_0_2_um_filter_37_10,Root,Bona_Fide,III,C,Komeilibacteria_bacterium_CG_4_10_14_0_2_um_filter_37_10
Desulfurococcaceae_archaeon,B,rank_3,Desulfurococcaceae_archaeon,Root,Bona_Fide,III,B,Desulfurococcaceae_archaeon
Clostridiaceae_bacterium_AF31-3BH,Aful,rank_3,Clostridiaceae_bacterium_AF31-3BH,Root,RLP,IV,Aful,Clostridiaceae_bacterium_AF31-3BH
Bryobacterales_bacterium,NonPhoto,rank_3,Bryobacterales_bacterium,Root,RLP,IV,NonPhoto,Bryobacterales_bacterium
Bacillus_thermozeamaize,YkrW,rank_3,Bacillus_thermozeamaize,Root,RLP,IV,YkrW,Bacillus_thermozeamaize
Methylacidiphilales_bacterium,DeepYkr,rank_3,Methylacidiphilales_bacterium,Root,RLP,IV,DeepYkr,Methylacidiphilales_bacterium
archaeon_SCG-AAA382B04,A,rank_3,archaeon_SCG-AAA382B04,Root,Bona_Fide,III,A,archaeon_SCG-AAA382B04
Polarella_glacialis,II_graftm_1,rank_3,Polarella_glacialis,Root,Bona_Fide,II,II_graftm_1,Polarella_glacialis
Deltaproteobacteria_bacterium_graftm_1,DeepYkr,rank_3,Deltaproteobacteria_bacterium_graftm_1,Root,RLP,IV,DeepYkr,Deltaproteobacteria_bacterium_graftm_1
uncultured_Gammaproteobacteria_bacterium,A_graftm_1,rank_3,uncultured_Gammaproteobacteria_bacterium,Root,Bona_Fide,I,A_graftm_1,uncultured_Gammaproteobacteria_bacterium
Planktophila_sp.,DeepYkr,rank_3,Planktophila_sp.,Root,RLP,IV,DeepYkr,Planktophila_sp.
uncultured_Candidatus_Woesearchaeota_archaeon,B,rank_3,uncultured_Candidatus_Woesearchaeota_archaeon,Root,Bona_Fide,III,B,uncultured_Candidatus_Woesearchaeota_archaeon
Deltaproteobacteria_bacterium_HGW-Deltaproteobacteria-13,Aful,rank_3,Deltaproteobacteria_bacterium_HGW-Deltaproteobacteria-13,Root,RLP,IV,Aful,Deltaproteobacteria_bacterium_HGW-Deltaproteobacteria-13
Streptococcus_pneumoniae,YkrW,rank_3,Streptococcus_pneumoniae,Root,RLP,IV,YkrW,Streptococcus_pneumoniae
Freyarchaeota_archaeon,Aful,rank_3,Freyarchaeota_archaeon,Root,RLP,IV,Aful,Freyarchaeota_archaeon
Fibrobacter_sp.,DeepYkr,rank_3,Fibrobacter_sp.,Root,RLP,IV,DeepYkr,Fibrobacter_sp.
Mycobacterium_sp._KBS0706,NonPhoto,rank_3,Mycobacterium_sp._KBS0706,Root,RLP,IV,NonPhoto,Mycobacterium_sp._KBS0706
Patescibacteria_group_bacterium_graftm_2,C,rank_3,Patescibacteria_group_bacterium_graftm_2,Root,Bona_Fide,III,C,Patescibacteria_group_bacterium_graftm_2
Desulfurococcales_archaeon_graftm_1,B,rank_3,Desulfurococcales_archaeon_graftm_1,Root,Bona_Fide,III,B,Desulfurococcales_archaeon_graftm_1
Okeania_sp._SIO2F4,YkrW,rank_3,Okeania_sp._SIO2F4,Root,RLP,IV,YkrW,Okeania_sp._SIO2F4
Fervidicoccus_sp.,B,rank_3,Fervidicoccus_sp.,Root,Bona_Fide,III,B,Fervidicoccus_sp.
Rubellimicrobium_sp._CFH_75288,DeepYkr,rank_3,Rubellimicrobium_sp._CFH_75288,Root,RLP,IV,DeepYkr,Rubellimicrobium_sp._CFH_75288
Pycnococcus_provasolii,DeepYkr,rank_3,Pycnococcus_provasolii,Root,RLP,IV,DeepYkr,Pycnococcus_provasolii
Rhodobacterales_bacterium_HKCCA1288,NonPhoto,rank_3,Rhodobacterales_bacterium_HKCCA1288,Root,RLP,IV,NonPhoto,Rhodobacterales_bacterium_HKCCA1288
Sumerlaeota_bacterium,Aful,rank_3,Sumerlaeota_bacterium,Root,RLP,IV,Aful,Sumerlaeota_bacterium
Rhodocyclaceae_bacterium,DeepYkr,rank_3,Rhodocyclaceae_bacterium,Root,RLP,IV,DeepYkr,Rhodocyclaceae_bacterium
Scatomonas_pullistercoris,DeepYkr,rank_3,Scatomonas_pullistercoris,Root,RLP,IV,DeepYkr,Scatomonas_pullistercoris
Dendrosporobacter_quercicolus,DeepYkr,rank_3,Dendrosporobacter_quercicolus,Root,RLP,IV,DeepYkr,Dendrosporobacter_quercicolus
Thermoflexia_bacterium,Aful,rank_3,Thermoflexia_bacterium,Root,RLP,IV,Aful,Thermoflexia_bacterium
Chitinispirillaceae_bacterium,DeepYkr,rank_3,Chitinispirillaceae_bacterium,Root,RLP,IV,DeepYkr,Chitinispirillaceae_bacterium
Veillonella_sp._DNF00869,DeepYkr,rank_3,Veillonella_sp._DNF00869,Root,RLP,IV,DeepYkr,Veillonella_sp._DNF00869
Ceratopteris_richardii,B_graftm_1,rank_3,Ceratopteris_richardii,Root,Bona_Fide,I,B_graftm_1,Ceratopteris_richardii
Deltaproteobacteria_bacterium_graftm_2,Aful,rank_3,Deltaproteobacteria_bacterium_graftm_2,Root,RLP,IV,Aful,Deltaproteobacteria_bacterium_graftm_2
Deltaproteobacteria_bacterium_ADurb.Bin058,DeepYkr,rank_3,Deltaproteobacteria_bacterium_ADurb.Bin058,Root,RLP,IV,DeepYkr,Deltaproteobacteria_bacterium_ADurb.Bin058
Rhodospirillales_bacterium_graftm_2,NonPhoto,rank_3,Rhodospirillales_bacterium_graftm_2,Root,RLP,IV,NonPhoto,Rhodospirillales_bacterium_graftm_2
Goldbacteria_bacterium,DeepYkr,rank_3,Goldbacteria_bacterium,Root,RLP,IV,DeepYkr,Goldbacteria_bacterium
Caldilineae_bacterium,DeepYkr,rank_3,Caldilineae_bacterium,Root,RLP,IV,DeepYkr,Caldilineae_bacterium
Betaproteobacteria_bacterium_GR16-43,DeepYkr,rank_3,Betaproteobacteria_bacterium_GR16-43,Root,RLP,IV,DeepYkr,Betaproteobacteria_bacterium_GR16-43
Rhodobacteraceae_bacterium_F11138,DeepYkr,rank_3,Rhodobacteraceae_bacterium_F11138,Root,RLP,IV,DeepYkr,Rhodobacteraceae_bacterium_F11138
Methanocorpusculum_faecipullorum,A,rank_3,Methanocorpusculum_faecipullorum,Root,Bona_Fide,III,A,Methanocorpusculum_faecipullorum
Chloroflexi_bacterium_AL-N5,NonPhoto,rank_3,Chloroflexi_bacterium_AL-N5,Root,RLP,IV,NonPhoto,Chloroflexi_bacterium_AL-N5
Alphaproteobacteria_bacterium_graftm_1,NonPhoto,rank_3,Alphaproteobacteria_bacterium_graftm_1,Root,RLP,IV,NonPhoto,Alphaproteobacteria_bacterium_graftm_1
Altiarchaeales_archaeon_WOR_SM1_86-2,B,rank_3,Altiarchaeales_archaeon_WOR_SM1_86-2,Root,Bona_Fide,III,B,Altiarchaeales_archaeon_WOR_SM1_86-2
Spirobacillus_cienkowskii,YkrW,rank_3,Spirobacillus_cienkowskii,Root,RLP,IV,YkrW,Spirobacillus_cienkowskii
Nitrospira_sp._LK265,DeepYkr,rank_3,Nitrospira_sp._LK265,Root,RLP,IV,DeepYkr,Nitrospira_sp._LK265
Methanothrix_sp.,A,rank_3,Methanothrix_sp.,Root,Bona_Fide,III,A,Methanothrix_sp.
Heimdallarchaeota_archaeon_LC_3,B,rank_3,Heimdallarchaeota_archaeon_LC_3,Root,Bona_Fide,III,B,Heimdallarchaeota_archaeon_LC_3
Buddleja_alternifolia,B_graftm_1,rank_3,Buddleja_alternifolia,Root,Bona_Fide,I,B_graftm_1,Buddleja_alternifolia
Rhodospirillaceae_bacterium,DeepYkr,rank_3,Rhodospirillaceae_bacterium,Root,RLP,IV,DeepYkr,Rhodospirillaceae_bacterium
Methanoregulaceae_archaeon,B,rank_3,Methanoregulaceae_archaeon,Root,Bona_Fide,III,B,Methanoregulaceae_archaeon
Nitrososphaeria_archaeon,B,rank_3,Nitrososphaeria_archaeon,Root,Bona_Fide,III,B,Nitrososphaeria_archaeon
Saprospiraceae_bacterium,NonPhoto,rank_3,Saprospiraceae_bacterium,Root,RLP,IV,NonPhoto,Saprospiraceae_bacterium
Parcubacteria_group_bacterium_ADurb.Bin159,C,rank_3,Parcubacteria_group_bacterium_ADurb.Bin159,Root,Bona_Fide,III,C,Parcubacteria_group_bacterium_ADurb.Bin159
Mycobacteroides_abscessus,YkrW,rank_3,Mycobacteroides_abscessus,Root,RLP,IV,YkrW,Mycobacteroides_abscessus
candidate_division_KSB1_bacterium,NonPhoto,rank_3,candidate_division_KSB1_bacterium,Root,RLP,IV,NonPhoto,candidate_division_KSB1_bacterium
Rhodopseudomonas_palustris,DeepYkr,rank_3,Rhodopseudomonas_palustris,Root,RLP,IV,DeepYkr,Rhodopseudomonas_palustris
Lachnospiraceae_bacterium,DeepYkr,rank_3,Lachnospiraceae_bacterium,Root,RLP,IV,DeepYkr,Lachnospiraceae_bacterium
Methanomicrobiaceae_archaeon,A,rank_3,Methanomicrobiaceae_archaeon,Root,Bona_Fide,III,A,Methanomicrobiaceae_archaeon
Schnuerera_ultunensis,YkrW,rank_3,Schnuerera_ultunensis,Root,RLP,IV,YkrW,Schnuerera_ultunensis
Chloroflexi_bacterium_RBG_16_54_18,Aful,rank_3,Chloroflexi_bacterium_RBG_16_54_18,Root,RLP,IV,Aful,Chloroflexi_bacterium_RBG_16_54_18
Euryarchaeota_archaeon_graftm_1,B,rank_3,Euryarchaeota_archaeon_graftm_1,Root,Bona_Fide,III,B,Euryarchaeota_archaeon_graftm_1
Lupinus_albus,B_graftm_1,rank_3,Lupinus_albus,Root,Bona_Fide,I,B_graftm_1,Lupinus_albus
Methanospirillaceae_archaeon,A,rank_3,Methanospirillaceae_archaeon,Root,Bona_Fide,III,A,Methanospirillaceae_archaeon
archaeon_GW2011_AR5,B,rank_3,archaeon_GW2011_AR5,Root,Bona_Fide,III,B,archaeon_GW2011_AR5
Gossypium_tomentosum,B_graftm_1,rank_3,Gossypium_tomentosum,Root,Bona_Fide,I,B_graftm_1,Gossypium_tomentosum
Methylibium_petroleiphilum,C_graftm_1,rank_3,Methylibium_petroleiphilum,Root,Bona_Fide,I,C_graftm_1,Methylibium_petroleiphilum
Methanonatronarchaeia_archaeon,A,rank_3,Methanonatronarchaeia_archaeon,Root,Bona_Fide,III,A,Methanonatronarchaeia_archaeon
Parageobacillus_toebii,YkrW,rank_3,Parageobacillus_toebii,Root,RLP,IV,YkrW,Parageobacillus_toebii
Gossypium_hirsutum,B_graftm_1,rank_3,Gossypium_hirsutum,Root,Bona_Fide,I,B_graftm_1,Gossypium_hirsutum
Planctomycetales_bacterium_10988,YkrW,rank_3,Planctomycetales_bacterium_10988,Root,RLP,IV,YkrW,Planctomycetales_bacterium_10988
Nitrospiraceae_bacterium,DeepYkr,rank_3,Nitrospiraceae_bacterium,Root,RLP,IV,DeepYkr,Nitrospiraceae_bacterium
Hymenobacter_cavernae,NonPhoto,rank_3,Hymenobacter_cavernae,Root,RLP,IV,NonPhoto,Hymenobacter_cavernae
Rhodospirillum_rubrum,II_graftm_1,rank_3,Rhodospirillum_rubrum,Root,Bona_Fide,II,II_graftm_1,Rhodospirillum_rubrum
Hadarchaeum_yellowstonense,B,rank_3,Hadarchaeum_yellowstonense,Root,Bona_Fide,III,B,Hadarchaeum_yellowstonense
Planctomycetaceae_bacterium_graftm_1,prime,rank_3,Planctomycetaceae_bacterium_graftm_1,Root,Bona_Fide,I,prime,Planctomycetaceae_bacterium_graftm_1
Arachis_hypogaea,B_graftm_1,rank_3,Arachis_hypogaea,Root,Bona_Fide,I,B_graftm_1,Arachis_hypogaea
Cyclobacteriaceae_bacterium,NonPhoto,rank_3,Cyclobacteriaceae_bacterium,Root,RLP,IV,NonPhoto,Cyclobacteriaceae_bacterium
Betaproteobacteria_bacterium_graftm_1,NonPhoto,rank_3,Betaproteobacteria_bacterium_graftm_1,Root,RLP,IV,NonPhoto,Betaproteobacteria_bacterium_graftm_1
Caldilineaceae_bacterium,NonPhoto,rank_3,Caldilineaceae_bacterium,Root,RLP,IV,NonPhoto,Caldilineaceae_bacterium
Anaerolineaceae_bacterium_graftm_1,DeepYkr,rank_3,Anaerolineaceae_bacterium_graftm_1,Root,RLP,IV,DeepYkr,Anaerolineaceae_bacterium_graftm_1
Melainabacteria_bacterium,YkrW,rank_3,Melainabacteria_bacterium,Root,RLP,IV,YkrW,Melainabacteria_bacterium
Veillonellaceae_bacterium_DNF00626,DeepYkr,rank_3,Veillonellaceae_bacterium_DNF00626,Root,RLP,IV,DeepYkr,Veillonellaceae_bacterium_DNF00626
Clostridiaceae_bacterium_graftm_1,DeepYkr,rank_3,Clostridiaceae_bacterium_graftm_1,Root,RLP,IV,DeepYkr,Clostridiaceae_bacterium_graftm_1
Acanthophora_spicifera,B_graftm_1,rank_3,Acanthophora_spicifera,Root,Bona_Fide,I,B_graftm_1,Acanthophora_spicifera
Dojkabacteria_bacterium_HGW-Dojkabacteria-1_graftm_1,Like,rank_3,Dojkabacteria_bacterium_HGW-Dojkabacteria-1_graftm_1,Root,Bona_Fide,III,Like,Dojkabacteria_bacterium_HGW-Dojkabacteria-1_graftm_1
Spirochaetae_bacterium_HGW-Spirochaetae-10,II_graftm_1,rank_3,Spirochaetae_bacterium_HGW-Spirochaetae-10,Root,Bona_Fide,II,II_graftm_1,Spirochaetae_bacterium_HGW-Spirochaetae-10
Tissierellia_bacterium_S5-A11,DeepYkr,rank_3,Tissierellia_bacterium_S5-A11,Root,RLP,IV,DeepYkr,Tissierellia_bacterium_S5-A11
Xanthomonadaceae_bacterium,DeepYkr,rank_3,Xanthomonadaceae_bacterium,Root,RLP,IV,DeepYkr,Xanthomonadaceae_bacterium
alpha,I,rank_2,alpha,Root,Bona_Fide,I,alpha,
Chloroflexi_bacterium_GWC2_73_18_graftm_1,alpha,rank_3,Chloroflexi_bacterium_GWC2_73_18_graftm_1,Root,Bona_Fide,I,alpha,Chloroflexi_bacterium_GWC2_73_18_graftm_1
Undinarchaeum_marinum,Like,rank_3,Undinarchaeum_marinum,Root,Bona_Fide,III,Like,Undinarchaeum_marinum
Gossypium_barbadense,B_graftm_1,rank_3,Gossypium_barbadense,Root,Bona_Fide,I,B_graftm_1,Gossypium_barbadense
Hyphomonas_sp.,GOS_and_Phage,rank_3,Hyphomonas_sp.,Root,RLP,IV,GOS_and_Phage,Hyphomonas_sp.
Bathyarchaeota_archaeon,B,rank_3,Bathyarchaeota_archaeon,Root,Bona_Fide,III,B,Bathyarchaeota_archaeon
Pelagibacterium_sp._SCN_63-23,NonPhoto,rank_3,Pelagibacterium_sp._SCN_63-23,Root,RLP,IV,NonPhoto,Pelagibacterium_sp._SCN_63-23
Theionarchaea_archaeon,Aful,rank_3,Theionarchaea_archaeon,Root,RLP,IV,Aful,Theionarchaea_archaeon
Oxalobacteraceae_bacterium,NonPhoto,rank_3,Oxalobacteraceae_bacterium,Root,RLP,IV,NonPhoto,Oxalobacteraceae_bacterium
Cephaleuros_parasiticus,B_graftm_1,rank_3,Cephaleuros_parasiticus,Root,Bona_Fide,I,B_graftm_1,Cephaleuros_parasiticus
Lokiarchaeota_archaeon_CR_4,Aful,rank_3,Lokiarchaeota_archaeon_CR_4,Root,RLP,IV,Aful,Lokiarchaeota_archaeon_CR_4
Desulfuromonas_sp.,DeepYkr,rank_3,Desulfuromonas_sp.,Root,RLP,IV,DeepYkr,Desulfuromonas_sp.
Alphaproteobacteria_bacterium_MedPE-SWcel,NonPhoto,rank_3,Alphaproteobacteria_bacterium_MedPE-SWcel,Root,RLP,IV,NonPhoto,Alphaproteobacteria_bacterium_MedPE-SWcel
Archaeoglobales_archaeon,B,rank_3,Archaeoglobales_archaeon,Root,Bona_Fide,III,B,Archaeoglobales_archaeon
Bathymodiolus_azoricus_thioautotrophic_gill_symbiont,A_graftm_1,rank_3,Bathymodiolus_azoricus_thioautotrophic_gill_symbiont,Root,Bona_Fide,I,A_graftm_1,Bathymodiolus_azoricus_thioautotrophic_gill_symbiont
archaeon_RBG_16_50_20,B,rank_3,archaeon_RBG_16_50_20,Root,Bona_Fide,III,B,archaeon_RBG_16_50_20
Syntrophomonadaceae_bacterium_graftm_1,Aful,rank_3,Syntrophomonadaceae_bacterium_graftm_1,Root,RLP,IV,Aful,Syntrophomonadaceae_bacterium_graftm_1
Nitrosarchaeum_sp.,B,rank_3,Nitrosarchaeum_sp.,Root,Bona_Fide,III,B,Nitrosarchaeum_sp.
Thorarchaeota_archaeon,Aful,rank_3,Thorarchaeota_archaeon,Root,RLP,IV,Aful,Thorarchaeota_archaeon
Williamsia_sp.,NonPhoto,rank_3,Williamsia_sp.,Root,RLP,IV,NonPhoto,Williamsia_sp.
Gemmatimonas_sp.,Photo,rank_3,Gemmatimonas_sp.,Root,RLP,IV,Photo,Gemmatimonas_sp.
Deltaproteobacteria_bacterium_CG_4_9_14_3_um_filter_63_12,DeepYkr,rank_3,Deltaproteobacteria_bacterium_CG_4_9_14_3_um_filter_63_12,Root,RLP,IV,DeepYkr,Deltaproteobacteria_bacterium_CG_4_9_14_3_um_filter_63_12
Pleurocapsales_cyanobacterium_LEGE_06147,YkrW,rank_3,Pleurocapsales_cyanobacterium_LEGE_06147,Root,RLP,IV,YkrW,Pleurocapsales_cyanobacterium_LEGE_06147
Nitriliruptor_sp.,DeepYkr,rank_3,Nitriliruptor_sp.,Root,RLP,IV,DeepYkr,Nitriliruptor_sp.
Solobacterium_sp.,Aful,rank_3,Solobacterium_sp.,Root,RLP,IV,Aful,Solobacterium_sp.
Verrucomicrobia_bacterium,NonPhoto,rank_3,Verrucomicrobia_bacterium,Root,RLP,IV,NonPhoto,Verrucomicrobia_bacterium
Nomurabacteria_bacterium,II_III_graftm_1,rank_3,Nomurabacteria_bacterium,Root,Bona_Fide,II_III,II_III_graftm_1,Nomurabacteria_bacterium
Methanolinea_sp._SDB,B,rank_3,Methanolinea_sp._SDB,Root,Bona_Fide,III,B,Methanolinea_sp._SDB
Capsicum_annuum,B_graftm_1,rank_3,Capsicum_annuum,Root,Bona_Fide,I,B_graftm_1,Capsicum_annuum
Acidimicrobiales_bacterium,NonPhoto,rank_3,Acidimicrobiales_bacterium,Root,RLP,IV,NonPhoto,Acidimicrobiales_bacterium
Solanum_tuberosum,B_graftm_1,rank_3,Solanum_tuberosum,Root,Bona_Fide,I,B_graftm_1,Solanum_tuberosum
Opitutales_bacterium,NonPhoto,rank_3,Opitutales_bacterium,Root,RLP,IV,NonPhoto,Opitutales_bacterium
Planctomycetes_bacterium_graftm_1,DeepYkr,rank_3,Planctomycetes_bacterium_graftm_1,Root,RLP,IV,DeepYkr,Planctomycetes_bacterium_graftm_1
Omnitrophica_bacterium,YkrW,rank_3,Omnitrophica_bacterium,Root,RLP,IV,YkrW,Omnitrophica_bacterium
Ricinus_communis,B_graftm_1,rank_3,Ricinus_communis,Root,Bona_Fide,I,B_graftm_1,Ricinus_communis
Pleurocapsa_minor,NonPhoto,rank_3,Pleurocapsa_minor,Root,RLP,IV,NonPhoto,Pleurocapsa_minor
Parvarchaeota_archaeon,Like,rank_3,Parvarchaeota_archaeon,Root,Bona_Fide,III,Like,Parvarchaeota_archaeon
Marinimicrobia_bacterium,DeepYkr,rank_3,Marinimicrobia_bacterium,Root,RLP,IV,DeepYkr,Marinimicrobia_bacterium
Bosea_sp._WAO,NonPhoto,rank_3,Bosea_sp._WAO,Root,RLP,IV,NonPhoto,Bosea_sp._WAO
Firmicutes_bacterium_graftm_1,DeepYkr,rank_3,Firmicutes_bacterium_graftm_1,Root,RLP,IV,DeepYkr,Firmicutes_bacterium_graftm_1
Patescibacteria_group_bacterium_graftm_3,GOS_and_Phage,rank_3,Patescibacteria_group_bacterium_graftm_3,Root,RLP,IV,GOS_and_Phage,Patescibacteria_group_bacterium_graftm_3
Pacearchaeota_archaeon_CG10_big_fil_rev_8_21_14_0_10_34_12,B,rank_3,Pacearchaeota_archaeon_CG10_big_fil_rev_8_21_14_0_10_34_12,Root,Bona_Fide,III,B,Pacearchaeota_archaeon_CG10_big_fil_rev_8_21_14_0_10_34_12
Thermosphaera_aggregans,Aful,rank_3,Thermosphaera_aggregans,Root,RLP,IV,Aful,Thermosphaera_aggregans
uncultured_DPANN_archaeon,II_III_graftm_1,rank_3,uncultured_DPANN_archaeon,Root,Bona_Fide,II_III,II_III_graftm_1,uncultured_DPANN_archaeon
Chthonomonadaceae_bacterium,NonPhoto,rank_3,Chthonomonadaceae_bacterium,Root,RLP,IV,NonPhoto,Chthonomonadaceae_bacterium
uncultured_Alphaproteobacteria_bacterium,II_graftm_1,rank_3,uncultured_Alphaproteobacteria_bacterium,Root,Bona_Fide,II,II_graftm_1,uncultured_Alphaproteobacteria_bacterium
Planktophila_lacus,DeepYkr,rank_3,Planktophila_lacus,Root,RLP,IV,DeepYkr,Planktophila_lacus
Methanomicrobiales_archaeon,A,rank_3,Methanomicrobiales_archaeon,Root,Bona_Fide,III,A,Methanomicrobiales_archaeon
Desulfobacterales_bacterium,Aful,rank_3,Desulfobacterales_bacterium,Root,RLP,IV,Aful,Desulfobacterales_bacterium
Paracoccus_sp._228,NonPhoto,rank_3,Paracoccus_sp._228,Root,RLP,IV,NonPhoto,Paracoccus_sp._228
Sphagnum_magellanicum,B_graftm_1,rank_3,Sphagnum_magellanicum,Root,Bona_Fide,I,B_graftm_1,Sphagnum_magellanicum
Korarchaeota_archaeon,B,rank_3,Korarchaeota_archaeon,Root,Bona_Fide,III,B,Korarchaeota_archaeon
Acidobacteria_bacterium_SCN_69-37,DeepYkr,rank_3,Acidobacteria_bacterium_SCN_69-37,Root,RLP,IV,DeepYkr,Acidobacteria_bacterium_SCN_69-37
Brevibacillus_panacihumi,YkrW,rank_3,Brevibacillus_panacihumi,Root,RLP,IV,YkrW,Brevibacillus_panacihumi
Eubacteriaceae_bacterium,Aful,rank_3,Eubacteriaceae_bacterium,Root,RLP,IV,Aful,Eubacteriaceae_bacterium
Phycisphaerales_bacterium_graftm_1,DeepYkr,rank_3,Phycisphaerales_bacterium_graftm_1,Root,RLP,IV,DeepYkr,Phycisphaerales_bacterium_graftm_1
Bacillus_sp._(in:_Bacteria),YkrW,rank_3,Bacillus_sp._(in:_Bacteria),Root,RLP,IV,YkrW,Bacillus_sp._(in:_Bacteria)
Pseudothermotoga_hypogea,DeepYkr,rank_3,Pseudothermotoga_hypogea,Root,RLP,IV,DeepYkr,Pseudothermotoga_hypogea
Paenibacillus_alvei,YkrW,rank_3,Paenibacillus_alvei,Root,RLP,IV,YkrW,Paenibacillus_alvei
Methanonatronarchaeum_thermophilum,A,rank_3,Methanonatronarchaeum_thermophilum,Root,Bona_Fide,III,A,Methanonatronarchaeum_thermophilum
Chloroflexi_bacterium_graftm_2,C_graftm_1,rank_3,Chloroflexi_bacterium_graftm_2,Root,Bona_Fide,I,C_graftm_1,Chloroflexi_bacterium_graftm_2
Archaeoglobus_profundus,B,rank_3,Archaeoglobus_profundus,Root,Bona_Fide,III,B,Archaeoglobus_profundus
Mikania_micrantha,B_graftm_1,rank_3,Mikania_micrantha,Root,Bona_Fide,I,B_graftm_1,Mikania_micrantha
Caldilineaceae_bacterium_graftm_1,DeepYkr,rank_3,Caldilineaceae_bacterium_graftm_1,Root,RLP,IV,DeepYkr,Caldilineaceae_bacterium_graftm_1
Eriogonum_tomentosum,B_graftm_1,rank_3,Eriogonum_tomentosum,Root,Bona_Fide,I,B_graftm_1,Eriogonum_tomentosum
Acidobacteria_bacterium_graftm_2,NonPhoto,rank_3,Acidobacteria_bacterium_graftm_2,Root,RLP,IV,NonPhoto,Acidobacteria_bacterium_graftm_2
Anaerolineae_bacterium_graftm_2,alpha,rank_3,Anaerolineae_bacterium_graftm_2,Root,Bona_Fide,I,alpha,Anaerolineae_bacterium_graftm_2
Sphingobacteriia_bacterium,Photo,rank_3,Sphingobacteriia_bacterium,Root,RLP,IV,Photo,Sphingobacteriia_bacterium
Gammaproteobacteria_bacterium_RBG_16_51_14,DeepYkr,rank_3,Gammaproteobacteria_bacterium_RBG_16_51_14,Root,RLP,IV,DeepYkr,Gammaproteobacteria_bacterium_RBG_16_51_14
Nitrospira_sp._CR2.1,DeepYkr,rank_3,Nitrospira_sp._CR2.1,Root,RLP,IV,DeepYkr,Nitrospira_sp._CR2.1
Halocalculus_aciditolerans,B,rank_3,Halocalculus_aciditolerans,Root,Bona_Fide,III,B,Halocalculus_aciditolerans
candidate_division_KSB3_bacterium,DeepYkr,rank_3,candidate_division_KSB3_bacterium,Root,RLP,IV,DeepYkr,candidate_division_KSB3_bacterium
Pseudorhodoplanes_sinuspersici,DeepYkr,rank_3,Pseudorhodoplanes_sinuspersici,Root,RLP,IV,DeepYkr,Pseudorhodoplanes_sinuspersici
Gottesmanbacteria_bacterium,C,rank_3,Gottesmanbacteria_bacterium,Root,Bona_Fide,III,C,Gottesmanbacteria_bacterium
Xanthomonadaceae_bacterium_graftm_1,A_graftm_1,rank_3,Xanthomonadaceae_bacterium_graftm_1,Root,Bona_Fide,I,A_graftm_1,Xanthomonadaceae_bacterium_graftm_1
Bacteroidetes_bacterium_graftm_1,NonPhoto,rank_3,Bacteroidetes_bacterium_graftm_1,Root,RLP,IV,NonPhoto,Bacteroidetes_bacterium_graftm_1
Thermoplasmata_archaeon,B,rank_3,Thermoplasmata_archaeon,Root,Bona_Fide,III,B,Thermoplasmata_archaeon
Erysipelotrichaceae_bacterium,Aful,rank_3,Erysipelotrichaceae_bacterium,Root,RLP,IV,Aful,Erysipelotrichaceae_bacterium
candidate_division_KSB1_bacterium_graftm_1,DeepYkr,rank_3,candidate_division_KSB1_bacterium_graftm_1,Root,RLP,IV,DeepYkr,candidate_division_KSB1_bacterium_graftm_1
Kuenenbacteria_bacterium,C,rank_3,Kuenenbacteria_bacterium,Root,Bona_Fide,III,C,Kuenenbacteria_bacterium
Ziziphus_hajarensis,B_graftm_1,rank_3,Ziziphus_hajarensis,Root,Bona_Fide,I,B_graftm_1,Ziziphus_hajarensis
Tetracentron_sinense,B_graftm_1,rank_3,Tetracentron_sinense,Root,Bona_Fide,I,B_graftm_1,Tetracentron_sinense
Leptospirillum_ferrooxidans,YkrW,rank_3,Leptospirillum_ferrooxidans,Root,RLP,IV,YkrW,Leptospirillum_ferrooxidans
Ectothiorhodospiraceae_bacterium_WFHF3C12,DeepYkr,rank_3,Ectothiorhodospiraceae_bacterium_WFHF3C12,Root,RLP,IV,DeepYkr,Ectothiorhodospiraceae_bacterium_WFHF3C12
Verrucomicrobia_subdivision_3_bacterium,NonPhoto,rank_3,Verrucomicrobia_subdivision_3_bacterium,Root,RLP,IV,NonPhoto,Verrucomicrobia_subdivision_3_bacterium
Gottesmanbacteria_bacterium_CG1_02_37_22,C,rank_3,Gottesmanbacteria_bacterium_CG1_02_37_22,Root,Bona_Fide,III,C,Gottesmanbacteria_bacterium_CG1_02_37_22
Niallia_endozanthoxylica,YkrW,rank_3,Niallia_endozanthoxylica,Root,RLP,IV,YkrW,Niallia_endozanthoxylica
Rhodomicrobium_udaipurense,DeepYkr,rank_3,Rhodomicrobium_udaipurense,Root,RLP,IV,DeepYkr,Rhodomicrobium_udaipurense
Herpetosiphonaceae_bacterium,DeepYkr,rank_3,Herpetosiphonaceae_bacterium,Root,RLP,IV,DeepYkr,Herpetosiphonaceae_bacterium
Granulosicoccus_sp.,NonPhoto,rank_3,Granulosicoccus_sp.,Root,RLP,IV,NonPhoto,Granulosicoccus_sp.
Heimdallarchaeota_archaeon_graftm_1,B,rank_3,Heimdallarchaeota_archaeon_graftm_1,Root,Bona_Fide,III,B,Heimdallarchaeota_archaeon_graftm_1
Nitrospira_sp._NTP2,DeepYkr,rank_3,Nitrospira_sp._NTP2,Root,RLP,IV,DeepYkr,Nitrospira_sp._NTP2
Gottesmanbacteria_bacterium_RBG_13_45_10,Like,rank_3,Gottesmanbacteria_bacterium_RBG_13_45_10,Root,Bona_Fide,III,Like,Gottesmanbacteria_bacterium_RBG_13_45_10
Rhodoblastus_sp.,NonPhoto,rank_3,Rhodoblastus_sp.,Root,RLP,IV,NonPhoto,Rhodoblastus_sp.
Marinimicrobia_bacterium_graftm_1,II_graftm_1,rank_3,Marinimicrobia_bacterium_graftm_1,Root,Bona_Fide,II,II_graftm_1,Marinimicrobia_bacterium_graftm_1
Solanum_commersonii,B_graftm_1,rank_3,Solanum_commersonii,Root,Bona_Fide,I,B_graftm_1,Solanum_commersonii
Gammaproteobacteria_bacterium_graftm_2,II_graftm_1,rank_3,Gammaproteobacteria_bacterium_graftm_2,Root,Bona_Fide,II,II_graftm_1,Gammaproteobacteria_bacterium_graftm_2
E,I,rank_2,E,Root,Bona_Fide,I,E,
Planobispora_takensis,E,rank_3,Planobispora_takensis,Root,Bona_Fide,I,E,Planobispora_takensis
Fervidicoccaceae_archaeon,B,rank_3,Fervidicoccaceae_archaeon,Root,Bona_Fide,III,B,Fervidicoccaceae_archaeon
Gossypium_darwinii,B_graftm_1,rank_3,Gossypium_darwinii,Root,Bona_Fide,I,B_graftm_1,Gossypium_darwinii
Salix_brachista,B_graftm_1,rank_3,Salix_brachista,Root,Bona_Fide,I,B_graftm_1,Salix_brachista
Wenzhouxiangellaceae_bacterium,DeepYkr,rank_3,Wenzhouxiangellaceae_bacterium,Root,RLP,IV,DeepYkr,Wenzhouxiangellaceae_bacterium
Nitrospira_sp._SG-bin1,DeepYkr,rank_3,Nitrospira_sp._SG-bin1,Root,RLP,IV,DeepYkr,Nitrospira_sp._SG-bin1
Methanothrix_Methanosaeta_sp._NSP1,A,rank_3,Methanothrix_Methanosaeta_sp._NSP1,Root,Bona_Fide,III,A,Methanothrix_Methanosaeta_sp._NSP1
Chloroflexi_bacterium_UTCFX4,DeepYkr,rank_3,Chloroflexi_bacterium_UTCFX4,Root,RLP,IV,DeepYkr,Chloroflexi_bacterium_UTCFX4
Aminicenantes_bacterium,DeepYkr,rank_3,Aminicenantes_bacterium,Root,RLP,IV,DeepYkr,Aminicenantes_bacterium
Rhodospirillaceae_bacterium_graftm_1,II_graftm_1,rank_3,Rhodospirillaceae_bacterium_graftm_1,Root,Bona_Fide,II,II_graftm_1,Rhodospirillaceae_bacterium_graftm_1
Microgenomates_bacterium,II_III_graftm_1,rank_3,Microgenomates_bacterium,Root,Bona_Fide,II_III,II_III_graftm_1,Microgenomates_bacterium
Nitrospirales_bacterium_LBB_01,DeepYkr,rank_3,Nitrospirales_bacterium_LBB_01,Root,RLP,IV,DeepYkr,Nitrospirales_bacterium_LBB_01
Bradymonadales_bacterium,DeepYkr,rank_3,Bradymonadales_bacterium,Root,RLP,IV,DeepYkr,Bradymonadales_bacterium
archaeon_CG_4_10_14_0_2_um_filter_Archaea_38_6,B,rank_3,archaeon_CG_4_10_14_0_2_um_filter_Archaea_38_6,Root,Bona_Fide,III,B,archaeon_CG_4_10_14_0_2_um_filter_Archaea_38_6
Archaeoglobus_fulgidus,B,rank_3,Archaeoglobus_fulgidus,Root,Bona_Fide,III,B,Archaeoglobus_fulgidus
Mycobacterium_xenopi,E,rank_3,Mycobacterium_xenopi,Root,Bona_Fide,I,E,Mycobacterium_xenopi
Devosia_sp.,NonPhoto,rank_3,Devosia_sp.,Root,RLP,IV,NonPhoto,Devosia_sp.
Thermoplasmatota_archaeon,B,rank_3,Thermoplasmatota_archaeon,Root,Bona_Fide,III,B,Thermoplasmatota_archaeon
Chromatiales_bacterium,DeepYkr,rank_3,Chromatiales_bacterium,Root,RLP,IV,DeepYkr,Chromatiales_bacterium
Parvarchaeota_archaeon_graftm_1,B,rank_3,Parvarchaeota_archaeon_graftm_1,Root,Bona_Fide,III,B,Parvarchaeota_archaeon_graftm_1
Maritimibacter_sp.,NonPhoto,rank_3,Maritimibacter_sp.,Root,RLP,IV,NonPhoto,Maritimibacter_sp.
Sphaerobacteraceae_bacterium,NonPhoto,rank_3,Sphaerobacteraceae_bacterium,Root,RLP,IV,NonPhoto,Sphaerobacteraceae_bacterium
Proteobacteria_bacterium_graftm_2,NonPhoto,rank_3,Proteobacteria_bacterium_graftm_2,Root,RLP,IV,NonPhoto,Proteobacteria_bacterium_graftm_2
Apodolirion_lanceolatum,B_graftm_1,rank_3,Apodolirion_lanceolatum,Root,Bona_Fide,I,B_graftm_1,Apodolirion_lanceolatum
Pirellulaceae_bacterium,NonPhoto,rank_3,Pirellulaceae_bacterium,Root,RLP,IV,NonPhoto,Pirellulaceae_bacterium
Zestosphaera_tikiterensis,B,rank_3,Zestosphaera_tikiterensis,Root,Bona_Fide,III,B,Zestosphaera_tikiterensis
AMC,IV,rank_2,AMC,Root,RLP,IV,AMC,
Leptospirillum_ferriphilum_graftm_1,AMC,rank_3,Leptospirillum_ferriphilum_graftm_1,Root,RLP,IV,AMC,Leptospirillum_ferriphilum_graftm_1
Rubrobacteraceae_bacterium,NonPhoto,rank_3,Rubrobacteraceae_bacterium,Root,RLP,IV,NonPhoto,Rubrobacteraceae_bacterium
Kingdonia_uniflora,B_graftm_1,rank_3,Kingdonia_uniflora,Root,Bona_Fide,I,B_graftm_1,Kingdonia_uniflora
uncultured_bacterium_graftm_3,B,rank_3,uncultured_bacterium_graftm_3,Root,Bona_Fide,III,B,uncultured_bacterium_graftm_3
Thaumarchaeota_archaeon,B,rank_3,Thaumarchaeota_archaeon,Root,Bona_Fide,III,B,Thaumarchaeota_archaeon
Meiothermus_ruber,DeepYkr,rank_3,Meiothermus_ruber,Root,RLP,IV,DeepYkr,Meiothermus_ruber
Chloroflexi_bacterium_graftm_3,YkrW,rank_3,Chloroflexi_bacterium_graftm_3,Root,RLP,IV,YkrW,Chloroflexi_bacterium_graftm_3
Bacillus_paralicheniformis,YkrW,rank_3,Bacillus_paralicheniformis,Root,RLP,IV,YkrW,Bacillus_paralicheniformis
Roseomonas_sp.,DeepYkr,rank_3,Roseomonas_sp.,Root,RLP,IV,DeepYkr,Roseomonas_sp.
Roseitalea_sp.,NonPhoto,rank_3,Roseitalea_sp.,Root,RLP,IV,NonPhoto,Roseitalea_sp.
Alcaligenaceae_bacterium,NonPhoto,rank_3,Alcaligenaceae_bacterium,Root,RLP,IV,NonPhoto,Alcaligenaceae_bacterium
Gottesmanbacteria_bacterium_graftm_1,Like,rank_3,Gottesmanbacteria_bacterium_graftm_1,Root,Bona_Fide,III,Like,Gottesmanbacteria_bacterium_graftm_1
bacterium_HR11,DeepYkr,rank_3,bacterium_HR11,Root,RLP,IV,DeepYkr,bacterium_HR11
Gemmataceae_bacterium,NonPhoto,rank_3,Gemmataceae_bacterium,Root,RLP,IV,NonPhoto,Gemmataceae_bacterium
Euryarchaeota_archaeon_graftm_2,Aful,rank_3,Euryarchaeota_archaeon_graftm_2,Root,RLP,IV,Aful,Euryarchaeota_archaeon_graftm_2
Prorocentrum_minimum,II_graftm_1,rank_3,Prorocentrum_minimum,Root,Bona_Fide,II,II_graftm_1,Prorocentrum_minimum
Streptomycetaceae_bacterium,DeepYkr,rank_3,Streptomycetaceae_bacterium,Root,RLP,IV,DeepYkr,Streptomycetaceae_bacterium
Kerfeldbacteria_bacterium_CG08_land_8_20_14_0_20_40_16,C,rank_3,Kerfeldbacteria_bacterium_CG08_land_8_20_14_0_20_40_16,Root,Bona_Fide,III,C,Kerfeldbacteria_bacterium_CG08_land_8_20_14_0_20_40_16
Chloropicon_primus,DeepYkr,rank_3,Chloropicon_primus,Root,RLP,IV,DeepYkr,Chloropicon_primus
Bosea_sp.,NonPhoto,rank_3,Bosea_sp.,Root,RLP,IV,NonPhoto,Bosea_sp.
bacterium_graftm_3,A_graftm_1,rank_3,bacterium_graftm_3,Root,Bona_Fide,I,A_graftm_1,bacterium_graftm_3
Parcubacteria_group_bacterium_CG1_02_37_51,C,rank_3,Parcubacteria_group_bacterium_CG1_02_37_51,Root,Bona_Fide,III,C,Parcubacteria_group_bacterium_CG1_02_37_51
Elusimicrobia_bacterium_RIFOXYA2_FULL_50_26,DeepYkr,rank_3,Elusimicrobia_bacterium_RIFOXYA2_FULL_50_26,Root,RLP,IV,DeepYkr,Elusimicrobia_bacterium_RIFOXYA2_FULL_50_26
Veblenbacteria_bacterium_RIFOXYB1_FULL_43_13,Like,rank_3,Veblenbacteria_bacterium_RIFOXYB1_FULL_43_13,Root,Bona_Fide,III,Like,Veblenbacteria_bacterium_RIFOXYB1_FULL_43_13
Wenzhouxiangella_sp.,DeepYkr,rank_3,Wenzhouxiangella_sp.,Root,RLP,IV,DeepYkr,Wenzhouxiangella_sp.
Planctomycetes_bacterium_graftm_2,Aful,rank_3,Planctomycetes_bacterium_graftm_2,Root,RLP,IV,Aful,Planctomycetes_bacterium_graftm_2
Hyphomicrobiales_bacterium_graftm_1,DeepYkr,rank_3,Hyphomicrobiales_bacterium_graftm_1,Root,RLP,IV,DeepYkr,Hyphomicrobiales_bacterium_graftm_1
Glycine_max,B_graftm_1,rank_3,Glycine_max,Root,Bona_Fide,I,B_graftm_1,Glycine_max
Acetobacteraceae_bacterium_graftm_1,NonPhoto,rank_3,Acetobacteraceae_bacterium_graftm_1,Root,RLP,IV,NonPhoto,Acetobacteraceae_bacterium_graftm_1
Oscillospiraceae_bacterium,DeepYkr,rank_3,Oscillospiraceae_bacterium,Root,RLP,IV,DeepYkr,Oscillospiraceae_bacterium
Paenibacillus_sp._P22,YkrW,rank_3,Paenibacillus_sp._P22,Root,RLP,IV,YkrW,Paenibacillus_sp._P22
Arenicella_sp.,DeepYkr,rank_3,Arenicella_sp.,Root,RLP,IV,DeepYkr,Arenicella_sp.
Paenibacillaceae_bacterium_GAS479,Aful,rank_3,Paenibacillaceae_bacterium_GAS479,Root,RLP,IV,Aful,Paenibacillaceae_bacterium_GAS479
Thermoplasmata_archaeon_graftm_1,Aful,rank_3,Thermoplasmata_archaeon_graftm_1,Root,RLP,IV,Aful,Thermoplasmata_archaeon_graftm_1
Falkowbacteria_bacterium_RIFOXYC2_FULL_48_21,C,rank_3,Falkowbacteria_bacterium_RIFOXYC2_FULL_48_21,Root,Bona_Fide,III,C,Falkowbacteria_bacterium_RIFOXYC2_FULL_48_21
Wansuia_hejianensis,Aful,rank_3,Wansuia_hejianensis,Root,RLP,IV,Aful,Wansuia_hejianensis
Hyperthermus_butylicus,B,rank_3,Hyperthermus_butylicus,Root,Bona_Fide,III,B,Hyperthermus_butylicus
Geminicoccaceae_bacterium,NonPhoto,rank_3,Geminicoccaceae_bacterium,Root,RLP,IV,NonPhoto,Geminicoccaceae_bacterium
Thermoprotei_archaeon_graftm_1,Aful,rank_3,Thermoprotei_archaeon_graftm_1,Root,RLP,IV,Aful,Thermoprotei_archaeon_graftm_1
D,I,rank_2,D,Root,Bona_Fide,I,D,
Laurencia_alfredensis,D,rank_3,Laurencia_alfredensis,Root,Bona_Fide,I,D,Laurencia_alfredensis
Karlodinium_veneficum,D,rank_3,Karlodinium_veneficum,Root,Bona_Fide,I,D,Karlodinium_veneficum
Lachnospiraceae_bacterium_KGMB03038,Aful,rank_3,Lachnospiraceae_bacterium_KGMB03038,Root,RLP,IV,Aful,Lachnospiraceae_bacterium_KGMB03038
Thermococcus_gammatolerans,B,rank_3,Thermococcus_gammatolerans,Root,Bona_Fide,III,B,Thermococcus_gammatolerans
Buchananbacteria_bacterium_RIFCSPHIGHO2_01_FULL_39_14,B,rank_3,Buchananbacteria_bacterium_RIFCSPHIGHO2_01_FULL_39_14,Root,Bona_Fide,III,B,Buchananbacteria_bacterium_RIFCSPHIGHO2_01_FULL_39_14
Gemmatimonadetes_bacterium_graftm_2,NonPhoto,rank_3,Gemmatimonadetes_bacterium_graftm_2,Root,RLP,IV,NonPhoto,Gemmatimonadetes_bacterium_graftm_2
Acanthophora_spicifera_graftm_1,D,rank_3,Acanthophora_spicifera_graftm_1,Root,Bona_Fide,I,D,Acanthophora_spicifera_graftm_1
Chloroflexi_bacterium_HGW-Chloroflexi-3,DeepYkr,rank_3,Chloroflexi_bacterium_HGW-Chloroflexi-3,Root,RLP,IV,DeepYkr,Chloroflexi_bacterium_HGW-Chloroflexi-3
Chloroflexi_bacterium_graftm_4,NonPhoto,rank_3,Chloroflexi_bacterium_graftm_4,Root,RLP,IV,NonPhoto,Chloroflexi_bacterium_graftm_4
Aliiroseovarius_sp.,II_graftm_1,rank_3,Aliiroseovarius_sp.,Root,Bona_Fide,II,II_graftm_1,Aliiroseovarius_sp.
Nanoarchaeum_sp.,B,rank_3,Nanoarchaeum_sp.,Root,Bona_Fide,III,B,Nanoarchaeum_sp.
Phycisphaerae_bacterium_graftm_1,DeepYkr,rank_3,Phycisphaerae_bacterium_graftm_1,Root,RLP,IV,DeepYkr,Phycisphaerae_bacterium_graftm_1
Bacteroidetes_bacterium_graftm_2,GOS_and_Phage,rank_3,Bacteroidetes_bacterium_graftm_2,Root,RLP,IV,GOS_and_Phage,Bacteroidetes_bacterium_graftm_2
Planktothrix_sp._UBA8407,YkrW,rank_3,Planktothrix_sp._UBA8407,Root,RLP,IV,YkrW,Planktothrix_sp._UBA8407
Sinapis_alba,B_graftm_1,rank_3,Sinapis_alba,Root,Bona_Fide,I,B_graftm_1,Sinapis_alba
Sporomusa_termitida,DeepYkr,rank_3,Sporomusa_termitida,Root,RLP,IV,DeepYkr,Sporomusa_termitida
Oscillatoria_sp._SIO1A7,YkrW,rank_3,Oscillatoria_sp._SIO1A7,Root,RLP,IV,YkrW,Oscillatoria_sp._SIO1A7
Thermofilum_pendens,B,rank_3,Thermofilum_pendens,Root,Bona_Fide,III,B,Thermofilum_pendens
Rubellimicrobium_sp.,DeepYkr,rank_3,Rubellimicrobium_sp.,Root,RLP,IV,DeepYkr,Rubellimicrobium_sp.
Gammaproteobacteria_bacterium_graftm_3,Photo,rank_3,Gammaproteobacteria_bacterium_graftm_3,Root,RLP,IV,Photo,Gammaproteobacteria_bacterium_graftm_3
Alicyclobacillus_curvatus,YkrW,rank_3,Alicyclobacillus_curvatus,Root,RLP,IV,YkrW,Alicyclobacillus_curvatus
Neobacillus_cucumis,YkrW,rank_3,Neobacillus_cucumis,Root,RLP,IV,YkrW,Neobacillus_cucumis
Hadesarchaea_archaeon_YNP_N21,B,rank_3,Hadesarchaea_archaeon_YNP_N21,Root,Bona_Fide,III,B,Hadesarchaea_archaeon_YNP_N21
Rhodomicrobium_sp.,DeepYkr,rank_3,Rhodomicrobium_sp.,Root,RLP,IV,DeepYkr,Rhodomicrobium_sp.
Christensenellaceae_bacterium,Aful,rank_3,Christensenellaceae_bacterium,Root,RLP,IV,Aful,Christensenellaceae_bacterium
Microvirga_lotononidis,NonPhoto,rank_3,Microvirga_lotononidis,Root,RLP,IV,NonPhoto,Microvirga_lotononidis
Woesearchaeota_archaeon_CG10_big_fil_rev_8_21_14_0_10_34_8,B,rank_3,Woesearchaeota_archaeon_CG10_big_fil_rev_8_21_14_0_10_34_8,Root,Bona_Fide,III,B,Woesearchaeota_archaeon_CG10_big_fil_rev_8_21_14_0_10_34_8
Firestonebacteria_bacterium,DeepYkr,rank_3,Firestonebacteria_bacterium,Root,RLP,IV,DeepYkr,Firestonebacteria_bacterium
Thiohalocapsa_sp._PB-PSB1,DeepYkr,rank_3,Thiohalocapsa_sp._PB-PSB1,Root,RLP,IV,DeepYkr,Thiohalocapsa_sp._PB-PSB1
Sporomusaceae_bacterium_FL31,DeepYkr,rank_3,Sporomusaceae_bacterium_FL31,Root,RLP,IV,DeepYkr,Sporomusaceae_bacterium_FL31
Anaerolineales_bacterium_graftm_1,Aful,rank_3,Anaerolineales_bacterium_graftm_1,Root,RLP,IV,Aful,Anaerolineales_bacterium_graftm_1
Caldilinea_sp.,DeepYkr,rank_3,Caldilinea_sp.,Root,RLP,IV,DeepYkr,Caldilinea_sp.
Bathyarchaeota_archaeon_graftm_1,Aful,rank_3,Bathyarchaeota_archaeon_graftm_1,Root,RLP,IV,Aful,Bathyarchaeota_archaeon_graftm_1
Proteobacteria_bacterium_CG1_02_64_396,YkrW,rank_3,Proteobacteria_bacterium_CG1_02_64_396,Root,RLP,IV,YkrW,Proteobacteria_bacterium_CG1_02_64_396
Myxococcota_bacterium,DeepYkr,rank_3,Myxococcota_bacterium,Root,RLP,IV,DeepYkr,Myxococcota_bacterium
Nitrososphaera_sp.,B,rank_3,Nitrososphaera_sp.,Root,Bona_Fide,III,B,Nitrososphaera_sp.
Desantisbacteria_bacterium,DeepYkr,rank_3,Desantisbacteria_bacterium,Root,RLP,IV,DeepYkr,Desantisbacteria_bacterium
Chlorogloea_purpurea,YkrW,rank_3,Chlorogloea_purpurea,Root,RLP,IV,YkrW,Chlorogloea_purpurea
bacterium_graftm_4,Like,rank_3,bacterium_graftm_4,Root,Bona_Fide,III,Like,bacterium_graftm_4
Pseudonocardiales_bacterium,E,rank_3,Pseudonocardiales_bacterium,Root,Bona_Fide,I,E,Pseudonocardiales_bacterium
Methanoregula_sp._PtaB.Bin085,B,rank_3,Methanoregula_sp._PtaB.Bin085,Root,Bona_Fide,III,B,Methanoregula_sp._PtaB.Bin085
Grateloupia_dalianensis,D,rank_3,Grateloupia_dalianensis,Root,Bona_Fide,I,D,Grateloupia_dalianensis
Kangsaoukella_pontilimi,DeepYkr,rank_3,Kangsaoukella_pontilimi,Root,RLP,IV,DeepYkr,Kangsaoukella_pontilimi
Zea_mays,B_graftm_1,rank_3,Zea_mays,Root,Bona_Fide,I,B_graftm_1,Zea_mays
Fibrobacteres_bacterium,DeepYkr,rank_3,Fibrobacteres_bacterium,Root,RLP,IV,DeepYkr,Fibrobacteres_bacterium
Betaproteobacteria_bacterium_graftm_2,A_graftm_1,rank_3,Betaproteobacteria_bacterium_graftm_2,Root,Bona_Fide,I,A_graftm_1,Betaproteobacteria_bacterium_graftm_2
Spirochaetales_bacterium_graftm_1,Aful,rank_3,Spirochaetales_bacterium_graftm_1,Root,RLP,IV,Aful,Spirochaetales_bacterium_graftm_1
Anaerolineaceae_bacterium_graftm_2,Aful,rank_3,Anaerolineaceae_bacterium_graftm_2,Root,RLP,IV,Aful,Anaerolineaceae_bacterium_graftm_2
Proboscia_sp.,D,rank_3,Proboscia_sp.,Root,Bona_Fide,I,D,Proboscia_sp.
Ilumatobacter_coccineus,DeepYkr,rank_3,Ilumatobacter_coccineus,Root,RLP,IV,DeepYkr,Ilumatobacter_coccineus
Rhizobium_sp.,DeepYkr,rank_3,Rhizobium_sp.,Root,RLP,IV,DeepYkr,Rhizobium_sp.
Methylomirabilis_lanthanidiphila,YkrW,rank_3,Methylomirabilis_lanthanidiphila,Root,RLP,IV,YkrW,Methylomirabilis_lanthanidiphila
Nyssa_sinensis,B_graftm_1,rank_3,Nyssa_sinensis,Root,Bona_Fide,I,B_graftm_1,Nyssa_sinensis
Fournierella_pullicola,DeepYkr,rank_3,Fournierella_pullicola,Root,RLP,IV,DeepYkr,Fournierella_pullicola
Gugararchaeum_adminiculabundum,B,rank_3,Gugararchaeum_adminiculabundum,Root,Bona_Fide,III,B,Gugararchaeum_adminiculabundum
Actinobacteria_bacterium_graftm_3,GOS_and_Phage,rank_3,Actinobacteria_bacterium_graftm_3,Root,RLP,IV,GOS_and_Phage,Actinobacteria_bacterium_graftm_3
Cytobacillus_oceanisediminis,YkrW,rank_3,Cytobacillus_oceanisediminis,Root,RLP,IV,YkrW,Cytobacillus_oceanisediminis
Sumerlaeota_bacterium_graftm_1,YkrW,rank_3,Sumerlaeota_bacterium_graftm_1,Root,RLP,IV,YkrW,Sumerlaeota_bacterium_graftm_1
Acidobacteriia_bacterium,NonPhoto,rank_3,Acidobacteriia_bacterium,Root,RLP,IV,NonPhoto,Acidobacteriia_bacterium
Hydrogenophaga_sp.,NonPhoto,rank_3,Hydrogenophaga_sp.,Root,RLP,IV,NonPhoto,Hydrogenophaga_sp.
Bacteroidetes_bacterium_graftm_3,II_graftm_1,rank_3,Bacteroidetes_bacterium_graftm_3,Root,Bona_Fide,II,II_graftm_1,Bacteroidetes_bacterium_graftm_3
bacterium_graftm_5,Aful,rank_3,bacterium_graftm_5,Root,RLP,IV,Aful,bacterium_graftm_5
Gallionellales_bacterium_GWA2_60_142,II_graftm_1,rank_3,Gallionellales_bacterium_GWA2_60_142,Root,Bona_Fide,II,II_graftm_1,Gallionellales_bacterium_GWA2_60_142
Gammaproteobacteria_bacterium_RIFCSPLOWO2_02_FULL_56_15,DeepYkr,rank_3,Gammaproteobacteria_bacterium_RIFCSPLOWO2_02_FULL_56_15,Root,RLP,IV,DeepYkr,Gammaproteobacteria_bacterium_RIFCSPLOWO2_02_FULL_56_15
candidate_division_FCPU426_bacterium,DeepYkr,rank_3,candidate_division_FCPU426_bacterium,Root,RLP,IV,DeepYkr,candidate_division_FCPU426_bacterium
Syntrophaceae_bacterium,Aful,rank_3,Syntrophaceae_bacterium,Root,RLP,IV,Aful,Syntrophaceae_bacterium
Propionibacteriaceae_bacterium,Aful,rank_3,Propionibacteriaceae_bacterium,Root,RLP,IV,Aful,Propionibacteriaceae_bacterium
Gemmatimonadaceae_bacterium_graftm_1,II_graftm_1,rank_3,Gemmatimonadaceae_bacterium_graftm_1,Root,Bona_Fide,II,II_graftm_1,Gemmatimonadaceae_bacterium_graftm_1
Parcubacteria_group_bacterium,GOS_and_Phage,rank_3,Parcubacteria_group_bacterium,Root,RLP,IV,GOS_and_Phage,Parcubacteria_group_bacterium
bacterium_graftm_6,II_III_graftm_1,rank_3,bacterium_graftm_6,Root,Bona_Fide,II_III,II_III_graftm_1,bacterium_graftm_6
Beijerinckiaceae_bacterium,DeepYkr,rank_3,Beijerinckiaceae_bacterium,Root,RLP,IV,DeepYkr,Beijerinckiaceae_bacterium
Triticum_turgidum,B_graftm_1,rank_3,Triticum_turgidum,Root,Bona_Fide,I,B_graftm_1,Triticum_turgidum
archaeon_graftm_1,Like,rank_3,archaeon_graftm_1,Root,Bona_Fide,III,Like,archaeon_graftm_1
Rhizobium_freirei,NonPhoto,rank_3,Rhizobium_freirei,Root,RLP,IV,NonPhoto,Rhizobium_freirei
Oxalobacteraceae_bacterium_graftm_1,GOS_and_Phage,rank_3,Oxalobacteraceae_bacterium_graftm_1,Root,RLP,IV,GOS_and_Phage,Oxalobacteraceae_bacterium_graftm_1
Trueperaceae_bacterium,DeepYkr,rank_3,Trueperaceae_bacterium,Root,RLP,IV,DeepYkr,Trueperaceae_bacterium
Clostridiales_bacterium,Aful,rank_3,Clostridiales_bacterium,Root,RLP,IV,Aful,Clostridiales_bacterium
Thorarchaeota_archaeon_graftm_1,B,rank_3,Thorarchaeota_archaeon_graftm_1,Root,Bona_Fide,III,B,Thorarchaeota_archaeon_graftm_1
Betaproteobacteria_bacterium_graftm_3,YkrW,rank_3,Betaproteobacteria_bacterium_graftm_3,Root,RLP,IV,YkrW,Betaproteobacteria_bacterium_graftm_3
Acidithiobacillus_sp.,YkrW,rank_3,Acidithiobacillus_sp.,Root,RLP,IV,YkrW,Acidithiobacillus_sp.
Thermoplasmatales_archaeon_SW_10_69_26,B,rank_3,Thermoplasmatales_archaeon_SW_10_69_26,Root,Bona_Fide,III,B,Thermoplasmatales_archaeon_SW_10_69_26
Actinobacteria_bacterium_graftm_4,NonPhoto,rank_3,Actinobacteria_bacterium_graftm_4,Root,RLP,IV,NonPhoto,Actinobacteria_bacterium_graftm_4
Pelosinus_sp.,DeepYkr,rank_3,Pelosinus_sp.,Root,RLP,IV,DeepYkr,Pelosinus_sp.
Bacillus_sp._OV322,YkrW,rank_3,Bacillus_sp._OV322,Root,RLP,IV,YkrW,Bacillus_sp._OV322
Lautropia_sp.,NonPhoto,rank_3,Lautropia_sp.,Root,RLP,IV,NonPhoto,Lautropia_sp.
Bacillus_sp._CRN_9,YkrW,rank_3,Bacillus_sp._CRN_9,Root,RLP,IV,YkrW,Bacillus_sp._CRN_9
Hibiscus_syriacus,B_graftm_1,rank_3,Hibiscus_syriacus,Root,Bona_Fide,I,B_graftm_1,Hibiscus_syriacus
Devosiaceae_bacterium,DeepYkr,rank_3,Devosiaceae_bacterium,Root,RLP,IV,DeepYkr,Devosiaceae_bacterium
Methanoregulaceae_archaeon_PtaU1.Bin222,B,rank_3,Methanoregulaceae_archaeon_PtaU1.Bin222,Root,Bona_Fide,III,B,Methanoregulaceae_archaeon_PtaU1.Bin222
Vampirovibrionales_bacterium_graftm_1,DeepYkr,rank_3,Vampirovibrionales_bacterium_graftm_1,Root,RLP,IV,DeepYkr,Vampirovibrionales_bacterium_graftm_1
Dehalococcoidia_bacterium_graftm_1,Aful,rank_3,Dehalococcoidia_bacterium_graftm_1,Root,RLP,IV,Aful,Dehalococcoidia_bacterium_graftm_1
doublePrime,I,rank_2,doublePrime,Root,Bona_Fide,I,doublePrime,
Firmicutes_bacterium_graftm_2,doublePrime,rank_3,Firmicutes_bacterium_graftm_2,Root,Bona_Fide,I,doublePrime,Firmicutes_bacterium_graftm_2
Planococcus_glaciei,YkrW,rank_3,Planococcus_glaciei,Root,RLP,IV,YkrW,Planococcus_glaciei
Nitrospirae_bacterium_graftm_2,Transaldolase,rank_3,Nitrospirae_bacterium_graftm_2,Root,Bona_Fide,III,Transaldolase,Nitrospirae_bacterium_graftm_2
Microcystis_aeruginosa,YkrW,rank_3,Microcystis_aeruginosa,Root,RLP,IV,YkrW,Microcystis_aeruginosa
Polyangiaceae_bacterium,DeepYkr,rank_3,Polyangiaceae_bacterium,Root,RLP,IV,DeepYkr,Polyangiaceae_bacterium
Pararhodospirillum_photometricum,DeepYkr,rank_3,Pararhodospirillum_photometricum,Root,RLP,IV,DeepYkr,Pararhodospirillum_photometricum
Petrachloros_mirabilis,YkrW,rank_3,Petrachloros_mirabilis,Root,RLP,IV,YkrW,Petrachloros_mirabilis
candidate_division_MSBL1_archaeon_SCGC-AAA259E22,B,rank_3,candidate_division_MSBL1_archaeon_SCGC-AAA259E22,Root,Bona_Fide,III,B,candidate_division_MSBL1_archaeon_SCGC-AAA259E22
Cyanobacteria_bacterium,YkrW,rank_3,Cyanobacteria_bacterium,Root,RLP,IV,YkrW,Cyanobacteria_bacterium
Stella_vacuolata,NonPhoto,rank_3,Stella_vacuolata,Root,RLP,IV,NonPhoto,Stella_vacuolata
Chitinophagia_bacterium,GOS_and_Phage,rank_3,Chitinophagia_bacterium,Root,RLP,IV,GOS_and_Phage,Chitinophagia_bacterium
Aurantimonas_coralicida,NonPhoto,rank_3,Aurantimonas_coralicida,Root,RLP,IV,NonPhoto,Aurantimonas_coralicida
Zetaproteobacteria_bacterium,II_graftm_1,rank_3,Zetaproteobacteria_bacterium,Root,Bona_Fide,II,II_graftm_1,Zetaproteobacteria_bacterium
Deinococcus_sp.,YkrW,rank_3,Deinococcus_sp.,Root,RLP,IV,YkrW,Deinococcus_sp.
Micrarchaeum_sp.,B,rank_3,Micrarchaeum_sp.,Root,Bona_Fide,III,B,Micrarchaeum_sp.
Natronohydrobacter_sp.,NonPhoto,rank_3,Natronohydrobacter_sp.,Root,RLP,IV,NonPhoto,Natronohydrobacter_sp.
Veillonella_atypica,DeepYkr,rank_3,Veillonella_atypica,Root,RLP,IV,DeepYkr,Veillonella_atypica
Rhizobiales_bacterium_GAS188,DeepYkr,rank_3,Rhizobiales_bacterium_GAS188,Root,RLP,IV,DeepYkr,Rhizobiales_bacterium_GAS188
Silvanigrellaceae_bacterium,YkrW,rank_3,Silvanigrellaceae_bacterium,Root,RLP,IV,YkrW,Silvanigrellaceae_bacterium
Dojkabacteria_bacterium_CG_4_10_14_0_2_um_filter_Dojkabacteria_WS6_41_15,II_III_graftm_1,rank_3,Dojkabacteria_bacterium_CG_4_10_14_0_2_um_filter_Dojkabacteria_WS6_41_15,Root,Bona_Fide,II_III,II_III_graftm_1,Dojkabacteria_bacterium_CG_4_10_14_0_2_um_filter_Dojkabacteria_WS6_41_15
Silicimonas_sp.,DeepYkr,rank_3,Silicimonas_sp.,Root,RLP,IV,DeepYkr,Silicimonas_sp.
Azospirillum_sp.,DeepYkr,rank_3,Azospirillum_sp.,Root,RLP,IV,DeepYkr,Azospirillum_sp.
Alicyclobacillaceae_bacterium,YkrW,rank_3,Alicyclobacillaceae_bacterium,Root,RLP,IV,YkrW,Alicyclobacillaceae_bacterium
Theionarchaea_archaeon_DG-70-1,B,rank_3,Theionarchaea_archaeon_DG-70-1,Root,Bona_Fide,III,B,Theionarchaea_archaeon_DG-70-1
Chloroflexi_bacterium_graftm_5,prime,rank_3,Chloroflexi_bacterium_graftm_5,Root,Bona_Fide,I,prime,Chloroflexi_bacterium_graftm_5
Haladaptatus_litoreus,B,rank_3,Haladaptatus_litoreus,Root,Bona_Fide,III,B,Haladaptatus_litoreus
Verrucomicrobia_bacterium_LW23,DeepYkr,rank_3,Verrucomicrobia_bacterium_LW23,Root,RLP,IV,DeepYkr,Verrucomicrobia_bacterium_LW23
Parcubacteria_bacterium_4484_255,C,rank_3,Parcubacteria_bacterium_4484_255,Root,Bona_Fide,III,C,Parcubacteria_bacterium_4484_255
Chloroflexi_bacterium_HGW-Chloroflexi-10,DeepYkr,rank_3,Chloroflexi_bacterium_HGW-Chloroflexi-10,Root,RLP,IV,DeepYkr,Chloroflexi_bacterium_HGW-Chloroflexi-10
Tanacetum_cinerariifolium,B_graftm_1,rank_3,Tanacetum_cinerariifolium,Root,Bona_Fide,I,B_graftm_1,Tanacetum_cinerariifolium
Donghicola_eburneus,NonPhoto,rank_3,Donghicola_eburneus,Root,RLP,IV,NonPhoto,Donghicola_eburneus
Methanospirillum_sp.,A,rank_3,Methanospirillum_sp.,Root,Bona_Fide,III,A,Methanospirillum_sp.
Thermoplasmatales_archaeon_ex4484_6,B,rank_3,Thermoplasmatales_archaeon_ex4484_6,Root,Bona_Fide,III,B,Thermoplasmatales_archaeon_ex4484_6
Poribacteria_bacterium,NonPhoto,rank_3,Poribacteria_bacterium,Root,RLP,IV,NonPhoto,Poribacteria_bacterium
Kuenenbacteria_bacterium_CG11_big_fil_rev_8_21_14_0_20_37_9,C,rank_3,Kuenenbacteria_bacterium_CG11_big_fil_rev_8_21_14_0_20_37_9,Root,Bona_Fide,III,C,Kuenenbacteria_bacterium_CG11_big_fil_rev_8_21_14_0_20_37_9
Thiosulfativibrio_zosterae,II_graftm_1,rank_3,Thiosulfativibrio_zosterae,Root,Bona_Fide,II,II_graftm_1,Thiosulfativibrio_zosterae
Thorea_bachmannii,D,rank_3,Thorea_bachmannii,Root,Bona_Fide,I,D,Thorea_bachmannii
Fastidiosipila_sp.,Aful,rank_3,Fastidiosipila_sp.,Root,RLP,IV,Aful,Fastidiosipila_sp.
Bryobacteraceae_bacterium,NonPhoto,rank_3,Bryobacteraceae_bacterium,Root,RLP,IV,NonPhoto,Bryobacteraceae_bacterium
Thermotogae_bacterium,DeepYkr,rank_3,Thermotogae_bacterium,Root,RLP,IV,DeepYkr,Thermotogae_bacterium
Ardenticatenaceae_bacterium,prime,rank_3,Ardenticatenaceae_bacterium,Root,Bona_Fide,I,prime,Ardenticatenaceae_bacterium
Acidimicrobiaceae_bacterium,NonPhoto,rank_3,Acidimicrobiaceae_bacterium,Root,RLP,IV,NonPhoto,Acidimicrobiaceae_bacterium
Acidimicrobiia_bacterium,NonPhoto,rank_3,Acidimicrobiia_bacterium,Root,RLP,IV,NonPhoto,Acidimicrobiia_bacterium
Pseudonocardia_sp.,E,rank_3,Pseudonocardia_sp.,Root,Bona_Fide,I,E,Pseudonocardia_sp.
Rhodopseudomonas_palustris_graftm_1,II_graftm_1,rank_3,Rhodopseudomonas_palustris_graftm_1,Root,Bona_Fide,II,II_graftm_1,Rhodopseudomonas_palustris_graftm_1
Pseudoerythrocladia_kornmannii,D,rank_3,Pseudoerythrocladia_kornmannii,Root,Bona_Fide,I,D,Pseudoerythrocladia_kornmannii
Pyrodictium_occultum,B,rank_3,Pyrodictium_occultum,Root,Bona_Fide,III,B,Pyrodictium_occultum
Methanocella_arvoryzae,A,rank_3,Methanocella_arvoryzae,Root,Bona_Fide,III,A,Methanocella_arvoryzae
Senna_tora,B_graftm_1,rank_3,Senna_tora,Root,Bona_Fide,I,B_graftm_1,Senna_tora
Inmirania_thermothiophila,II_graftm_1,rank_3,Inmirania_thermothiophila,Root,Bona_Fide,II,II_graftm_1,Inmirania_thermothiophila
Phormidium_sp._OSCR,B_graftm_1,rank_3,Phormidium_sp._OSCR,Root,Bona_Fide,I,B_graftm_1,Phormidium_sp._OSCR
Pacearchaeota_archaeon_CG10_big_fil_rev_8_21_14_0_10_35_13,II_III_graftm_1,rank_3,Pacearchaeota_archaeon_CG10_big_fil_rev_8_21_14_0_10_35_13,Root,Bona_Fide,II_III,II_III_graftm_1,Pacearchaeota_archaeon_CG10_big_fil_rev_8_21_14_0_10_35_13
Rhodobacteraceae_bacterium_graftm_1,II_graftm_1,rank_3,Rhodobacteraceae_bacterium_graftm_1,Root,Bona_Fide,II,II_graftm_1,Rhodobacteraceae_bacterium_graftm_1
Bacillus_subtilis,YkrW,rank_3,Bacillus_subtilis,Root,RLP,IV,YkrW,Bacillus_subtilis
Desulfurococcus_kamchatkensis,B,rank_3,Desulfurococcus_kamchatkensis,Root,Bona_Fide,III,B,Desulfurococcus_kamchatkensis
Opitutaceae_bacterium,DeepYkr,rank_3,Opitutaceae_bacterium,Root,RLP,IV,DeepYkr,Opitutaceae_bacterium
Microbacteriaceae_bacterium,DeepYkr,rank_3,Microbacteriaceae_bacterium,Root,RLP,IV,DeepYkr,Microbacteriaceae_bacterium
Pirellula_sp.,NonPhoto,rank_3,Pirellula_sp.,Root,RLP,IV,NonPhoto,Pirellula_sp.
Silvanigrellales_bacterium,YkrW,rank_3,Silvanigrellales_bacterium,Root,RLP,IV,YkrW,Silvanigrellales_bacterium
Puniceicoccaceae_bacterium,NonPhoto,rank_3,Puniceicoccaceae_bacterium,Root,RLP,IV,NonPhoto,Puniceicoccaceae_bacterium
Nitrospirae_bacterium_GWC2_56_14,DeepYkr,rank_3,Nitrospirae_bacterium_GWC2_56_14,Root,RLP,IV,DeepYkr,Nitrospirae_bacterium_GWC2_56_14
Acidimicrobiales_bacterium_graftm_1,DeepYkr,rank_3,Acidimicrobiales_bacterium_graftm_1,Root,RLP,IV,DeepYkr,Acidimicrobiales_bacterium_graftm_1
Actinomycetales_bacterium_JB111,Aful,rank_3,Actinomycetales_bacterium_JB111,Root,RLP,IV,Aful,Actinomycetales_bacterium_JB111
Gracilariopsis_tenuifrons,D,rank_3,Gracilariopsis_tenuifrons,Root,Bona_Fide,I,D,Gracilariopsis_tenuifrons
Atribacteria_bacterium_HGW-Atribacteria-1,DeepYkr,rank_3,Atribacteria_bacterium_HGW-Atribacteria-1,Root,RLP,IV,DeepYkr,Atribacteria_bacterium_HGW-Atribacteria-1
Priestia_megaterium,YkrW,rank_3,Priestia_megaterium,Root,RLP,IV,YkrW,Priestia_megaterium
Nanoarchaeota_archaeon_graftm_1,Like,rank_3,Nanoarchaeota_archaeon_graftm_1,Root,Bona_Fide,III,Like,Nanoarchaeota_archaeon_graftm_1
Pelolinea_sp.,DeepYkr,rank_3,Pelolinea_sp.,Root,RLP,IV,DeepYkr,Pelolinea_sp.
Karenia_brevis,D,rank_3,Karenia_brevis,Root,Bona_Fide,I,D,Karenia_brevis
Bacillus_cereus,YkrW,rank_3,Bacillus_cereus,Root,RLP,IV,YkrW,Bacillus_cereus
Polynucleobacter_paneuropaeus,GOS_and_Phage,rank_3,Polynucleobacter_paneuropaeus,Root,RLP,IV,GOS_and_Phage,Polynucleobacter_paneuropaeus
Aromatoleum_sp.,DeepYkr,rank_3,Aromatoleum_sp.,Root,RLP,IV,DeepYkr,Aromatoleum_sp.
Planctomycetaceae_bacterium_graftm_2,NonPhoto,rank_3,Planctomycetaceae_bacterium_graftm_2,Root,RLP,IV,NonPhoto,Planctomycetaceae_bacterium_graftm_2
Thiotrichales_bacterium_32-46-8,A_graftm_1,rank_3,Thiotrichales_bacterium_32-46-8,Root,Bona_Fide,I,A_graftm_1,Thiotrichales_bacterium_32-46-8
Burkholderiales_bacterium_graftm_1,NonPhoto,rank_3,Burkholderiales_bacterium_graftm_1,Root,RLP,IV,NonPhoto,Burkholderiales_bacterium_graftm_1
Scalindua_brodae,DeepYkr,rank_3,Scalindua_brodae,Root,RLP,IV,DeepYkr,Scalindua_brodae
Betaproteobacteria_bacterium_graftm_4,C_graftm_1,rank_3,Betaproteobacteria_bacterium_graftm_4,Root,Bona_Fide,I,C_graftm_1,Betaproteobacteria_bacterium_graftm_4
candidate_division_WS6_bacterium_GW2011_GWF2_39_15,II_III_graftm_1,rank_3,candidate_division_WS6_bacterium_GW2011_GWF2_39_15,Root,Bona_Fide,II_III,II_III_graftm_1,candidate_division_WS6_bacterium_GW2011_GWF2_39_15
Tumebacillus_algifaecis,YkrW,rank_3,Tumebacillus_algifaecis,Root,RLP,IV,YkrW,Tumebacillus_algifaecis
Spirochaetia_bacterium,DeepYkr,rank_3,Spirochaetia_bacterium,Root,RLP,IV,DeepYkr,Spirochaetia_bacterium
Lambdaproteobacteria_bacterium,II_graftm_1,rank_3,Lambdaproteobacteria_bacterium,Root,Bona_Fide,II,II_graftm_1,Lambdaproteobacteria_bacterium
Pirellulaceae_bacterium_graftm_1,DeepYkr,rank_3,Pirellulaceae_bacterium_graftm_1,Root,RLP,IV,DeepYkr,Pirellulaceae_bacterium_graftm_1
Firmicutes_bacterium_HGW-Firmicutes-9,Aful,rank_3,Firmicutes_bacterium_HGW-Firmicutes-9,Root,RLP,IV,Aful,Firmicutes_bacterium_HGW-Firmicutes-9
Natronincola_sp.,DeepYkr,rank_3,Natronincola_sp.,Root,RLP,IV,DeepYkr,Natronincola_sp.
Archaeoglobaceae_archaeon,B,rank_3,Archaeoglobaceae_archaeon,Root,Bona_Fide,III,B,Archaeoglobaceae_archaeon
Alicyclobacillus_acidoterrestris,YkrW,rank_3,Alicyclobacillus_acidoterrestris,Root,RLP,IV,YkrW,Alicyclobacillus_acidoterrestris
archaeon_graftm_2,II_III_graftm_1,rank_3,archaeon_graftm_2,Root,Bona_Fide,II_III,II_III_graftm_1,archaeon_graftm_2
Sulfobacillus_benefaciens,YkrW,rank_3,Sulfobacillus_benefaciens,Root,RLP,IV,YkrW,Sulfobacillus_benefaciens
Brocadiae_bacterium,DeepYkr,rank_3,Brocadiae_bacterium,Root,RLP,IV,DeepYkr,Brocadiae_bacterium
Aurantimonas_sp._Leaf443,NonPhoto,rank_3,Aurantimonas_sp._Leaf443,Root,RLP,IV,NonPhoto,Aurantimonas_sp._Leaf443
Methanocorpusculum_sp.,A,rank_3,Methanocorpusculum_sp.,Root,Bona_Fide,III,A,Methanocorpusculum_sp.
